<?xml version="1.0" encoding="utf-8"?>
<modification>
    <name>SimplePars</name>
    <code>I</code>
    <version>0.1</version>
    <author>Rassol2</author>

  <!--controller-->
  <file path="admin/controller/common/menu.php" >
    <operation>
      <search><![CDATA[$data['module'] = $this->url->link('extension/module', 'token=' . $this->session->data['token'], 'SSL');]]></search>
      <add position="after"><![CDATA[$data["simplepars"] = $this->url->link("catalog/simplepars", "token=" . $this->session->data["token"], "SSL");]]></add>
    </operation>
  </file> 
  
<!--template-->
  <file path="admin/view/template/common/menu.tpl" >
    <operation>
      <search><![CDATA[<li><a href="<?php echo $manufacturer; ?>"><?php echo $text_manufacturer; ?></a></li>]]></search>
      <add position="after"><![CDATA[<li><a href="<?php echo $simplepars; ?>"><?php echo 'SimplePars'; ?></a></li>]]></add>
    </operation>
  </file> 
  
</modification>