<?xml version="1.0" encoding="UTF-8"?>
<modification>
	<name>Кол-во на складе</name>
	<code>stock-quantity</code>
	<version>1.0</version>
	<author>https://ocmod.net</author>
	<link>https://ocmod.net</link>
	<file path="catalog/controller/product/product.php">
		<operation>
		  <search error="log"><![CDATA[$data['stock'] = $this->language->get('text_instock');]]></search>
		  <add position="replace"><![CDATA[$data['stock'] = (int)$product_info['quantity'];]]></add>
		</operation>
	</file>
</modification>