<modification>
	<name>Sticker Category</name>
	<code>sticker_category.ocmod</code>
	<author>http://seregin-pro.ru/</author>
	<version>1.0.0</version>
	<link>http://seregin-pro.ru/</link>
	
	<!-- 3.0.0.0 - 3.0.2.0 -->

	<!-- controller -->
	
	<file path="catalog/controller/product/category.php">
		<operation>
			<search index="0"><![CDATA[
				$this->load->model('catalog/product');
			]]></search>
			<add position="before"><![CDATA[
				if ($this->config->get('module_sticker_category_status')) {
					$this->load->model('extension/module/sticker_category');
				}
			]]></add>
		</operation>
		<operation>
			<search><![CDATA[
				categories'] = array();
			]]></search>
			<add position="before"><![CDATA[
				if ($this->config->get('module_sticker_category_status') && $this->config->get('module_sticker_category_title')) {				
					$data['sticker_category'] = $this->model_extension_module_sticker_category->getStickerCategory($category_info);
				} else {
					$data['sticker_category'] = false;
				}
			]]></add>
		</operation>
		<operation>
			<search><![CDATA[
				categories'][] = array(
			]]></search>
			<add position="before"><![CDATA[
				if ($this->config->get('module_sticker_category_status') && $this->config->get('module_sticker_category_subcategory_title')) {				
					$sticker_category = $this->model_extension_module_sticker_category->getStickerCategory($result);
				} else {
					$sticker_category = false;
				}
			]]></add>
		</operation>
		<operation>
			<search><![CDATA[
				categories'][] = array(
			]]></search>
			<add position="after"><![CDATA[
				'sticker_category' => $sticker_category,
			]]></add>
		</operation>
	</file>
	<file path="catalog/controller/common/menu.php">
		<operation>
			<search index="0"><![CDATA[
				$this->load->model('catalog/product');
			]]></search>
			<add position="before"><![CDATA[
				if ($this->config->get('module_sticker_category_status')) {
					$this->load->model('extension/module/sticker_category');
				}
			]]></add>
		</operation>
		<operation>
			<search><![CDATA[
				categories'][] = array(
			]]></search>
			<add position="before"><![CDATA[
				if ($this->config->get('module_sticker_category_status') && $this->config->get('module_sticker_category_top')) {				
					$sticker_category = $this->model_extension_module_sticker_category->getStickerCategory($category);
				} else {
					$sticker_category = false;
				}
			]]></add>
		</operation>
		<operation>
			<search><![CDATA[
				categories'][] = array(
			]]></search>
			<add position="after"><![CDATA[
				'sticker_category' => $sticker_category,
			]]></add>
		</operation>
		<operation>
			<search><![CDATA[
				$children_data[] = array(
			]]></search>
			<add position="before"><![CDATA[
				if ($this->config->get('module_sticker_category_status')) {				
					$sticker_child = $this->model_extension_module_sticker_category->getStickerCategory($child);
				} else {
					$sticker_child = false;
				}
			]]></add>
		</operation>
		<operation>
			<search><![CDATA[
				$children_data[] = array(
			]]></search>
			<add position="after"><![CDATA[
				'sticker_child' => $sticker_child,
			]]></add>
		</operation>
	</file>
	<file path="catalog/controller/extension/module/category.php">
		<operation>
			<search index="0"><![CDATA[
				$this->load->model('catalog/product');
			]]></search>
			<add position="before"><![CDATA[
				if ($this->config->get('module_sticker_category_status')) {
					$this->load->model('extension/module/sticker_category');
				}
			]]></add>
		</operation>
		<operation>
			<search><![CDATA[
				categories'][] = array(
			]]></search>
			<add position="before"><![CDATA[
				if ($this->config->get('module_sticker_category_status')) {				
					$sticker_category = $this->model_extension_module_sticker_category->getStickerCategory($category);
				} else {
					$sticker_category = false;
				}
			]]></add>
		</operation>
		<operation>
			<search><![CDATA[
				categories'][] = array(
			]]></search>
			<add position="after"><![CDATA[
				'sticker_category' => $sticker_category,
			]]></add>
		</operation>
		<operation>
			<search><![CDATA[
				$children_data[] = array(
			]]></search>
			<add position="before"><![CDATA[
				if ($this->config->get('module_sticker_category_status')) {				
					$sticker_child = $this->model_extension_module_sticker_category->getStickerCategory($child);
				} else {
					$sticker_child = false;
				}
			]]></add>
		</operation>
		<operation>
			<search><![CDATA[
				$children_data[] = array(
			]]></search>
			<add position="after"><![CDATA[
				'sticker_child' => $sticker_child,
			]]></add>
		</operation>
	</file>
	<file path="catalog/controller/common/footer.php">
		<operation>
			<search><![CDATA[
				$this->load->language('common/footer');
			]]></search>
			<add position="before"><![CDATA[
				if ($this->config->get('module_sticker_category_status')) {
					$this->document->addStyle('catalog/view/theme/default/stylesheet/sticker_category.css');
				}
			]]></add>
		</operation>
	</file>
	<file path="admin/controller/catalog/category.php">
		<operation>
			<search><![CDATA[
				$data['text_form']
			]]></search>
			<add position="before"><![CDATA[
				$this->load->language('catalog/sticker');
				$data['tab_sticker'] = $this->language->get('tab_sticker');
			]]></add>
		</operation>
		<operation>
			<search><![CDATA[
				if (isset($this->request->post['category_layout']
			]]></search>
			<add position="before"><![CDATA[
				$data['language_id'] = $this->config->get('config_language_id');
				$data['sticker_category_custom_list'] = $this->config->get('module_sticker_category_custom');
				
				if (isset($this->request->post['sticker_category_custom'])) {
					$data['sticker_category_custom'] = $this->request->post['sticker_category_custom'];
				} elseif (!empty($category_info) && $category_info['sticker_category_custom']) {
					$data['sticker_category_custom'] = unserialize($category_info['sticker_category_custom']);
				} else {
					$data['sticker_category_custom'] = array();
				}
			]]></add>
		</operation>
	</file>
	
	<!-- model -->
	
	<file path="admin/model/catalog/category.php">
		<operation>
			<search><![CDATA[parent_id = '" . (int)$data['parent_id'] . "',]]></search>
			<add position="replace"><![CDATA[parent_id = '" . (int)$data['parent_id'] . "', sticker_category_custom = '" . $this->db->escape(serialize($data['sticker_category_custom'])) . "',]]></add>
		</operation>
	</file>
	
	<!-- view -->
	
	<file path="catalog/view/theme/*/template/common/menu.twig">
		<operation>
			<search><![CDATA[{{ child.name }}]]></search>
			<add position="replace"><![CDATA[{{ child.name }}{% if child.sticker_child %}<span class="sticker-category">{% for sticker in child.sticker_child %}<span class="{{ sticker.class }}"{{ sticker.image }}>{{ sticker.name }}</span>{% endfor %}</span>{% endif %}]]></add>
		</operation>
		<operation>
			<search index="0,2"><![CDATA[{{ category.name }}]]></search>
			<add position="replace"><![CDATA[{{ category.name }}{% if category.sticker_category %}<span class="sticker-category">{% for sticker in category.sticker_category %}<span class="{{ sticker.class }}"{{ sticker.image }}>{{ sticker.name }}</span>{% endfor %}</span>{% endif %}]]></add>
		</operation>
	</file>
	<file path="catalog/view/theme/*/template/product/category.twig">
		<operation>
			<search index="0"><![CDATA[{{ heading_title }}]]></search>
			<add position="replace"><![CDATA[{{ heading_title }}{% if sticker_category %}<span class="sticker-category">{% for sticker in sticker_category %}<span class="{{ sticker.class }}"{{ sticker.image }}>{{ sticker.name }}</span>{% endfor %}</span>{% endif %}]]></add>
		</operation>
		<operation>
			<search><![CDATA[{{ category.name }}]]></search>
			<add position="replace"><![CDATA[{{ category.name }}{% if category.sticker_category %}<span class="sticker-category">{% for sticker in category.sticker_category %}<span class="{{ sticker.class }}"{{ sticker.image }}>{{ sticker.name }}</span>{% endfor %}</span>{% endif %}]]></add>
		</operation>
	</file>
	<file path="catalog/view/theme/*/template/extension/module/category.twig">
		<operation>
			<search><![CDATA[{{ child.name }}]]></search>
			<add position="replace"><![CDATA[{{ child.name }}{% if child.sticker_child %}<span class="sticker-category">{% for sticker in child.sticker_child %}<span class="{{ sticker.class }}"{{ sticker.image }}>{{ sticker.name }}</span>{% endfor %}</span>{% endif %}]]></add>
		</operation>
		<operation>
			<search><![CDATA[{{ category.name }}]]></search>
			<add position="replace"><![CDATA[{{ category.name }}{% if category.sticker_category %}<span class="sticker-category">{% for sticker in category.sticker_category %}<span class="{{ sticker.class }}"{{ sticker.image }}>{{ sticker.name }}</span>{% endfor %}</span>{% endif %}]]></add>
		</operation>
	</file>
	<file path="admin/view/template/catalog/category_form.twig">
		<operation>
			<search><![CDATA[
				<li><a href="#tab-design" data-toggle="tab">{{ tab_design }}</a></li>
			]]></search>
			<add position="before"><![CDATA[
				{% if sticker_category_custom_list %}
				<li><a href="#tab-sticker" data-toggle="tab">{{ tab_sticker }}</a></li>
				{% endif %}
			]]></add>
		</operation>
		<operation>
			<search><![CDATA[
				<div class="tab-pane" id="tab-design"
			]]></search>
			<add position="before"><![CDATA[
			    {% if sticker_category_custom_list %}
			    <div class="tab-pane" id="tab-sticker">
				  {% for key, custom in sticker_category_custom_list %}
				  {% if custom.status %}
			      <div class="form-group">
                    <label class="col-sm-2 control-label">{{ custom[language_id]['name'] }}</label>
                    <div class="col-sm-10">
                      <select name="sticker_category_custom[{{ key }}][status]" class="form-control">
						{% if sticker_category_custom[key]['status'] %}
						<option value="1" selected="selected">{{ text_enabled }}</option>
						<option value="0">{{ text_disabled }}</option>
						{% else %}
						<option value="1">{{ text_enabled }}</option>
						<option value="0" selected="selected">{{ text_disabled }}</option>
						{% endif %}
					  </select>
                    </div>
                  </div>
				  {% endif %}
				  {% endfor %}
				</div>
				{% else %}
				<input type="hidden" value="" name="sticker_category_custom" />
				{% endif %}
			]]></add>
		</operation>		
	</file>
	
</modification>