<?xml version="1.0" encoding="utf-8"?>
<modification>
    <name>Авторизация через соцсети</name>
    <code>socnetauth2</code>
    <version>3.0</version>
    <author>prowebber</author>
    <link>https://prowebber.ru/</link>

    <file path="catalog/controller/checkout/simplecheckout_customer.php">
        <operation>
            <search><![CDATA[
            function index
            ]]></search>
            <add position="after"><![CDATA[
			
            /* start socnetauth2 metka */
			$this->_templateData['SOCNETAUTH2_DATA'] = $this->load->controller('account/socnetauth2/showcode');
			/* end socnetauth2 metka */
			
            ]]></add>
        </operation>
    </file> 
    <file path="catalog/controller/account/simpleregister.php">
        <operation>
            <search><![CDATA[
            function index
            ]]></search>
            <add position="after"><![CDATA[
			
            /* start socnetauth2 metka */
			$this->_templateData['SOCNETAUTH2_DATA'] = $this->load->controller('account/socnetauth2/showcode');
			/* end socnetauth2 metka */
			
            ]]></add>
        </operation>
    </file> 
	
    <file path="catalog/controller/checkout/login.php">
        <operation>
            <search><![CDATA[
            function index
            ]]></search>
            <add position="after"><![CDATA[
			
            /* start socnetauth2 metka */
			$data['SOCNETAUTH2_DATA'] = $this->load->controller('account/socnetauth2/showcode');
			/* end socnetauth2 metka */
			
            ]]></add>
        </operation>
    </file> 
    <file path="catalog/controller/account/login.php">
        <operation>
            <search><![CDATA[
            function index
            ]]></search>
            <add position="after"><![CDATA[
			
            /* start socnetauth2 metka */
			$data['SOCNETAUTH2_DATA'] = $this->load->controller('account/socnetauth2/showcode');
			/* end socnetauth2 metka */
			
            ]]></add>
        </operation>
    </file>  
    <file path="catalog/controller/checkout/fastorder/fastorder.php">
        <operation>
            <search><![CDATA[
            function index
            ]]></search>
            <add position="after"><![CDATA[
			
            /* start socnetauth2 metka */
			$data['SOCNETAUTH2_DATA'] = $this->load->controller('account/socnetauth2/showcode');
			/* end socnetauth2 metka */
			
            ]]></add>
        </operation>
    </file>  
	
    <file path="catalog/controller/account/register.php">
        <operation>
            <search><![CDATA[
            function index
            ]]></search>
            <add position="after"><![CDATA[
			
            /* start socnetauth2 metka */
			$data['SOCNETAUTH2_DATA'] = $this->load->controller('account/socnetauth2/showcode');
			/* end socnetauth2 metka */
			
            ]]></add>
        </operation>
    </file>  
	
    <file path="catalog/view/theme/*/template/checkout/login.twig">
        <operation>
            <search><![CDATA[
				button-login
            ]]></search>
            <add position="after"><![CDATA[
			
			{{ SOCNETAUTH2_DATA.code }}
			  
            ]]></add>
        </operation>
    </file>  
    <file path="catalog/view/theme/*/template/account/login.twig">
        <operation>
            <search><![CDATA[
            </form>
            ]]></search>
            <add position="before"><![CDATA[
			
			  {{ SOCNETAUTH2_DATA.code }}
			  
            ]]></add>
        </operation>
    </file>  
    <file path="catalog/view/theme/*/template/account/register.twig">
        <operation>
            <search><![CDATA[
            already
            ]]></search>
            <add position="after"><![CDATA[
			
			{{ SOCNETAUTH2_DATA.code }}
			  
            ]]></add>
        </operation>
    </file>  
    <file path="catalog/view/theme/*/template/account/simpleregister.twig">
        <operation>
            <search><![CDATA[
            already
            ]]></search>
            <add position="after"><![CDATA[
			
			{{ SOCNETAUTH2_DATA.code }}
			  
            ]]></add>
        </operation>
    </file> 
    <file path="catalog/view/theme/*/template/checkout/simplecheckout_customer.twig">
        <operation>
            <search><![CDATA[
            <div class="simplecheckout-block-content"
            ]]></search>
            <add position="after"><![CDATA[
			
			{{ SOCNETAUTH2_DATA.code }}
			  
            ]]></add>
        </operation>
    </file> 
    <file path="catalog/view/theme/*/template/checkout/fastorder/fastorder.twig">
        <operation>
            <search><![CDATA[
            text_i_am_returning_customer
            ]]></search>
            <add position="after"><![CDATA[
			
			{{ SOCNETAUTH2_DATA.code }}
			  
            ]]></add>
        </operation>
    </file> 
	
</modification>