<?xml version="1.0" encoding="UTF-8"?>
<modification>
    <name>AVARON Товар партиями в корзину, Кнопки +/-, Дробное количество товара</name>
	<code>AVARON Товар партиями в корзину, Кнопки +/-, Дробное количество товара</code>
	<version>1.2.9 for OC-3.0.3.2 Default</version>
	<link>https://avaron.su/software</link>
	<author>avaron</author>

<!-- АДМИНКА Карточка товара-->
<!-- Добавляем в файл локализации АДМИНКИ наименования дополнительных полей в карточке товара в АДМИНКЕ -->
	 <!-- Модификация строки 25 -->
	<file path="admin/language/*/catalog/product.php">
		<operation>
            <search><![CDATA[
			$_['column_quantity']        = 'Количество';
			]]></search>
            <add position="replace"><![CDATA[
			$_['column_quantity']        = 'Количество на складе';
			]]></add>
        </operation>
	<!-- Модификация строки 48 -->
		<operation>
            <search><![CDATA[
			$_['entry_quantity']         = 'Количество';
			]]></search>
            <add position="replace"><![CDATA[
			$_['entry_quantity']         = 'Количество на складе';
			$_['entry_minimum']          = 'Минимальное количество для заказа';
			$_['entry_maximum_order']    = 'Максимальное количество для заказа';
			$_['entry_order_step']       = 'Шаг выбора количества для заказа';
			$_['entry_maximum_variant']  = 'Максимальное число вариантов в списке выбора количества';
			]]></add>
        </operation>
	<!-- Модификация строки 94 -->	
        <operation>
            <search><![CDATA[
			$_['help_minimum']           = 'Минимальное количество товара в заказе (меньше данного кол-ва товара, добавление в корзину будет запрещено )';
			]]></search>
            <add position="replace"><![CDATA[
			$_['help_minimum']           = 'Минимальное количество для заказа (меньше данного количества добавление в корзину будет запрещено)';
			$_['help_maximum_order']     = 'Максимальное количество для заказа (Больше данного количества добавление в корзину будет запрещено. Если равно НОЛЬ, то максимальное количество не ограничено)';
			$_['help_order_step']        = 'Шаг выбора количества для заказа (Количество, на которое будет увеличиваться или уменьшаться количество для заказа, при нажатии на плюс/минус. Если равно НОЛЬ, то увеличение или уменьшение происходит на 1)';
			$_['help_maximum_variant']   = 'Максимальное число вариантов в списке выбора количества ()';
			]]></add>
        </operation>
	</file>
<!-- Модификация в АДМИНКЕ файла МОДЕЛИ: admin/model/catalog/product.php -->
	<file path="admin/model/catalog/product.php">
	<!-- Модификация строк 4, 138 для применения дробного количества товара -->
	<operation>
		<search><![CDATA[(int)$data['quantity']]]></search>
		<add position="replace"><![CDATA[$data['quantity']]]></add>
	</operation>
	<!-- Модификация строк 4, 138  для применения дробного количества товара и ввода новых значений в БД-->
	<operation>
		<search><![CDATA[(int)$data['minimum']]]></search>
		<add position="replace"><![CDATA[$data['minimum'] . "', maximum_order = '" . $data['maximum_order'] . "', order_step = '" . $data['order_step'] . "', maximum_variant = '" . (int)$data['maximum_variant']]]></add>
	</operation>
	<!-- Модификация строк 46, 185 для применения дробного количества товара -->
	<operation>
		<search><![CDATA[(int)$product_option_value['quantity']]]></search>
		<add position="replace"><![CDATA[$product_option_value['quantity']]]></add>
	</operation>
	<!-- Модификация строк 63, 206 для применения дробного количества товара -->
	<operation>
		<search><![CDATA[(int)$product_discount['quantity']]]></search>
		<add position="replace"><![CDATA[$product_discount['quantity']]]></add>
	</operation>
	</file>
<!-- Модификация в АДМИНКЕ файла КОНТРОЛЛЕРА: admin/controller/catalog/product.php -->
	<!-- Добавление после строки 748 -->
	<file path="admin/controller/catalog/product.php">
        <operation>
            <search><![CDATA[
			$data['minimum'] = 1;
			]]></search>
            <add position="after" offset="1"><![CDATA[
		if (isset($this->request->post['maximum_order'])) {
			$data['maximum_order'] = $this->request->post['maximum_order'];
		} elseif (!empty($product_info)) {
			$data['maximum_order'] = $product_info['maximum_order'];
		} else {
			$data['maximum_order'] = '';
		}
		if (isset($this->request->post['order_step'])) {
			$data['order_step'] = $this->request->post['order_step'];
		} elseif (!empty($product_info)) {
			$data['order_step'] = $product_info['order_step'];
		} else {
			$data['order_step'] = 1;
		}
		if (isset($this->request->post['maximum_variant'])) {
			$data['maximum_variant'] = $this->request->post['maximum_variant'];
		} elseif (!empty($product_info)) {
			$data['maximum_variant'] = $product_info['maximum_variant'];
		} else {
			$data['maximum_variant'] = 1;
		}
		]]></add>
        </operation>
	</file>
<!-- Добавляем дополнительные поля в карточку товара в АДМИНКЕ. -->
	<!-- Добавление полей после строки 188 -->
	<file path="admin/view/template/catalog/product_form.twig">
        <operation>
            <search><![CDATA[
			<input type="text" name="minimum" value="{{ minimum }}" placeholder="{{ entry_minimum }}" id="input-minimum" class="form-control"
			]]></search>
            <add position="after" offset="2"><![CDATA[
	<!-- Максимальное количество товара в заказе -->			  
              <div class="form-group">
                <label class="col-sm-2 control-label" for="input-maximum_order"><span data-toggle="tooltip" title="{{ help_maximum_order }}">{{ entry_maximum_order }}</span></label>
                <div class="col-sm-10">
                  <input type="text" name="maximum_order" value="{{ maximum_order }}" placeholder="{{ entry_maximum_order }}" id="input-maximum_order" class="form-control" />
                </div>
              </div>
	<!-- Шаг выбора количества в заказе -->			  
              <div class="form-group">
                <label class="col-sm-2 control-label" for="input-order_step"><span data-toggle="tooltip" title="{{ help_order_step }}">{{ entry_order_step }}</span></label>
                <div class="col-sm-10">
                  <input type="text" name="order_step" value="{{ order_step }}" placeholder="{{ entry_order_step }}" id="input-order_step" class="form-control" />
                </div>
              </div>
	<!-- Максимальное число вариантов в списке выбора количества -->			  
              <div class="form-group">
                <label class="col-sm-2 control-label" for="input-maximum_variant"><span data-toggle="tooltip" title="{{ help_maximum_variant }}">{{ entry_maximum_variant }}</span></label>
                <div class="col-sm-10">
                  <input type="text" name="maximum_variant" value="{{ maximum_variant }}" placeholder="{{ entry_maximum_variant }}" id="input-maximum_variant" class="form-control" />
                </div>
              </div>
			  ]]></add>
        </operation>
	</file>







<!-- АДМИНКА Заказ клиента (ЕЩЕ НЕ РАБОТАЕТ !!!) -->
<!-- Добавляем в файл локализации АДМИНКИ для Заказ клиента -->
<!--
	<file path="admin/language/*/sale/order.php">
		<operation>
            <search><![CDATA[
			// Text
			]]></search>
            <add position="after"><![CDATA[
			$_['text_alert_minimum']             = 'МИНИМАЛЬНОЕ количество для заказа: ';
			$_['text_maximum_order']             = 'Максимальное количество для заказа: %s';
			$_['text_alert_maximum_order']       = 'МАКСИМАЛЬНОЕ количество для заказа: ';
			$_['text_order_step']                = 'ВНИМАНИЕ! Данный товар продается кратно: ';
			$_['text_alert_quantity_in_stock']   = 'Остаток на складе: ';
			$_['text_alert_quantity_in_order']   = 'Доступно для заказа: ';
			$_['text_alert_order_step']          = 'Возможен заказ в количестве, кратном шагу партии: ';
			$_['text_alert_oror']                = ' или ';
			$_['text_alert_order_not_available'] = 'Товар отсутствует на складе.<br>Заказ недоступен!';
			$_['text_check_for_number']          = 'Введите ЧИСЛОВОЕ значение количества!';
			]]></add>
        </operation>
	</file>
-->
<!-- Модификация в АДМИНКЕ файла МОДЕЛИ -->
	<!-- Добавляем после строки 73 -->
<!--
	<file path="admin/model/sale/order.php">
	<operation>
		<search><![CDATA[
		public function getOrderVouchers($order_id) {
		]]></search>
		<add position="before"><![CDATA[
    	public function getOrderMinimum($product_id) {
    		$query = $this->db->query("SELECT minimum FROM " . DB_PREFIX . "product WHERE product_id = '" . (int)$product_id . "'");

    		return $query->rows;
    	}
    	public function getOrderMaximumOrder($product_id) {
    		$query = $this->db->query("SELECT maximum_order FROM " . DB_PREFIX . "product WHERE product_id = '" . (int)$product_id . "'");
    
    		return $query->rows;
    	}
    	public function getOrderOrderStep($product_id) {
    		$query = $this->db->query("SELECT order_step FROM " . DB_PREFIX . "product WHERE product_id = '" . (int)$product_id . "'");
    
    		return $query->rows;
    	}
    	public function getOrderQuantityInStock($product_id) {
    		$query = $this->db->query("SELECT quantity FROM " . DB_PREFIX . "product WHERE product_id = '" . (int)$product_id . "'");
    
    		return $query->rows;
    	}
    	public function getOrderXvrProductName($product_id) {
    		$query = $this->db->query("SELECT name FROM " . DB_PREFIX . "product_description WHERE product_id = '" . (int)$product_id . "'");
    
    		return $query->rows;
    	}
    	public function getOrderXvrPmVminusStatus($product_id) {
    		$query = $this->db->query("SELECT value FROM " . DB_PREFIX . "setting WHERE code = 'xvr_pm_vminus'");
    
    		return $query->rows;
    	}
		]]></add>
	</operation>
	</file>
-->
<!-- Модификация в АДМИНКЕ файла КОНТРОЛЛЕРА -->
<!-- 
	<file path="admin/controller/sale/order.php">
-->
	<!-- Добавляем после строки 524 -->
<!--
	<operation>
		<search><![CDATA[
		'quantity'   => $product['quantity'],
		]]></search>
		<add position="after"><![CDATA[
		'minimum'               => $this->model_sale_order->getOrderMinimum($product['product_id']),
		'maximum_order'         => $this->model_sale_order->getOrderMaximumOrder($product['product_id']),
		'order_step'            => $this->model_sale_order->getOrderOrderStep($product['product_id']),
		'quantity_in_stock'     => $this->model_sale_order->getOrderQuantityInStock($product['product_id']),
		'xvr_product_name'      => $this->model_sale_order->getOrderXvrProductName($product['product_id']),
		'xvr_pm_vminus_status'  => $this->model_sale_order->getOrderXvrPmVminusStatus($product['product_id']),
		]]></add>
	</operation>
-->
	<!-- Добавляем после строк 1619 и 1810 -->
<!--
	<operation>
		<search><![CDATA[
		'quantity' => $product['quantity'],
		]]></search>
		<add position="after"><![CDATA[
		'minimum'            => $product['minimum'],
		'maximum_order'      => $product['maximum_order'],
		'order_step'         => $product['order_step'],
		'quantity_in_stock'  => $product['quantity_in_stock'],
		]]></add>
	</operation>
	</file>
-->
<!-- Модификация в АДМИНКЕ файла МОДЕЛИ -->
	<!-- Добавляем после строки 73 -->
<!--
	<file path="admin/view/template/sale/order_form.twig">
	<operation>
		<search><![CDATA[
		html += '  <td class="text-right"><div class="input-group btn-block" style="max-width: 200px;"><input type="text" name="product[' + i + '][quantity]" value="' + product['quantity'] + '" class="form-control" /><span class="input-group-btn"><button type="button" data-toggle="tooltip" title="{{ button_refresh }}" data-loading-text="{{ text_loading }}" class="btn btn-primary"><i class="fa fa-refresh"></i></button></span></div></td>';
		]]></search>
		<add position="replace"><![CDATA[
        html += '  <td class="text-right">     <div class="input-group btn-block" style="min-width: 150px; max-width: 500px;">     <input type="text" name="product[' + i + '][quantity]" value="' + product['quantity'] + '" class="form-control" />     <span class="input-group-btn">     <button type="button" class="btn btn-primary" data-dir="dwn"><i class="fa fa-minus"></i></button>     <button type="button" class="btn btn-primary" data-dir="up"><i class="fa fa-plus"></i></button>     <button type="button" data-toggle="tooltip" title="{{ button_refresh }}" data-loading-text="{{ text_loading }}" class="btn btn-primary"><i class="fa fa-refresh"></i></button>     </span>                                         <input type="text" name="quantity_in_stock" value="{{ quantity_in_stock }}" id="input-quantity_in_stock" readonly />        <input type="text" name="minimum" value="$order_products[minimum]" id="input-minimum" readonly />        <input type="text" name="order_step" value="{{ order_step }}" id="input-order_step" readonly />        <input type="text" name="maximum_order" value="{{ maximum_order }}" id="input-maximum_order" readonly />        <input type="hidden" name="text_alert_minimum" value="{{ text_alert_minimum }}" readonly />        <input type="hidden" name="text_alert_maximum_order" value="{{ text_alert_maximum_order }}" readonly />        <input type="hidden" name="text_alert_quantity_in_stock" value="{{ text_alert_quantity_in_stock }}" readonly />        <input type="hidden" name="text_alert_quantity_in_order" value="{{ text_alert_quantity_in_order }}" readonly />        <input type="hidden" name="text_alert_order_not_available" value="{{ text_alert_order_not_available }}" readonly />        <input type="hidden" name="text_alert_order_step" value="{{ text_alert_order_step }}" readonly />        <input type="hidden" name="text_alert_oror" value="{{ text_alert_oror }}" readonly />        <input type="hidden" name="text_check_for_number" value="{{ text_check_for_number }}" readonly />        <input type="text" name="xvr_pm_vminus_status" value="' + product['xvr_pm_vminus_status'] + '" readonly />        <input type="text" name="xvr_product_name" value="{{ product.name }}" readonly /></div>     </td>';
		]]></add>
	</operation>
	</file>
-->








<!-- КАРТОЧКА ТОВАРА -->
<!-- Добавляем переменные в language -->
	<!-- Добавление после строки 14 -->
	<file path="catalog/language/ru-ru/product/product.php">
		<operation>
            <search><![CDATA[
			$_['text_minimum']             = 'Минимальное количество для заказа: %s';
			]]></search>
            <add position="after"><![CDATA[
			$_['text_alert_minimum']             = 'МИНИМАЛЬНОЕ количество для заказа: ';
			$_['text_maximum_order']             = 'Максимальное количество для заказа: ';
			$_['text_alert_maximum_order']       = 'МАКСИМАЛЬНОЕ количество для заказа: ';
			$_['text_order_step']                = 'ВНИМАНИЕ! Данный товар продается кратно: ';
			$_['text_alert_quantity_in_stock']   = 'Остаток на складе: ';
			$_['text_alert_quantity_in_order']   = 'Доступно для заказа: ';
			$_['text_alert_order_step']          = 'Возможен заказ в количестве, кратном шагу партии: ';
			$_['text_alert_oror']                = ' или ';
			$_['text_alert_order_not_available'] = 'Товар отсутствует на складе.<br>Заказ недоступен!';
			$_['text_check_for_number']          = 'Введите ЧИСЛОВОЕ значение количества!';
			]]></add>
        </operation>
	</file>
	<!-- Заменяем строку 47 -->
  	<file path="catalog/model/catalog/product.php">
		<operation>
            <search><![CDATA[
			'minimum'          => $query->row['minimum'],
			]]></search>
            <add position="after"><![CDATA[
			'order_step'        => $query->row['order_step'],
			'maximum_order'     => $query->row['maximum_order'],
			'quantity_in_stock' => $query->row['quantity'],
			]]></add>
        </operation>  
  	</file>
	<!-- Добавляем после строки 346 -->
  	<file path="catalog/controller/product/product.php">
		<operation>
            <search><![CDATA[
			$data['minimum'] = 1;
			]]></search>
            <add position="after" offset="1"><![CDATA[
			$data['order_step']        = $product_info['order_step'];
			$data['maximum_order']     = $product_info['maximum_order'];
			$data['quantity_in_stock'] = $product_info['quantity'];
			$data['quantity']          = $product_info['quantity'];
			]]></add>
        </operation>  
  	</file>
<!-- Кнопки ПЛЮС / МИНУС в шаблон карточки товара -->
	<file path="catalog/view/theme/*/template/product/product.twig">
	  	<!-- Заменяем строку 278 -->
		<operation>
            <search><![CDATA[
			<input type="text" name="quantity" value="{{ minimum }}" size="2" id="input-quantity" class="form-control" />
			]]></search>
            <add position="replace"><![CDATA[
	{% if module_xvrproductquantities_status==1 %}
		{% if xvr_pm_product_status==1 %}
			<div class="input-group number-spinner-XVR number-spinner-XVR-button">
				<span class="input-group-btn">
					<button type="button" class="btn btn-primary" data-dir="dwn"><i class="fa fa-minus"></i></button>
				</span>
				{% if xvr_pm_vminus_status==1 %}
					{% if quantity>=minimum %}
						<input type="text" name="quantity" value="{{ minimum|round(3) }}" id="input-quantity" class="form-control input-quantity-XVR text-center" onkeyup="xvrCheckForCorrectInput2(this);"/>
						<input type="hidden" name="quantity-validate" value="{{ minimum|round(3) }}" id="input-quantity-validate" />
					{% endif %}
					{% if quantity<minimum %} <input type="text" name="quantity" value="0" id="input-quantity" class="form-control input-quantity-XVR text-center colortext2" readonly /> {% endif %}
				{% else %}
					<input type="text" name="quantity" value="{{ minimum|round(3) }}" id="input-quantity" class="form-control input-quantity-XVR text-center" onkeyup="xvrCheckForCorrectInput2(this);"/>
					<input type="hidden" name="quantity-validate" value="{{ minimum|round(3) }}" id="input-quantity-validate" />
				{% endif %}				
				<input type="hidden" name="quantity_in_stock" value="{{ quantity_in_stock }}" id="input-quantity_in_stock" class="form-control text-center" readonly />
				<input type="hidden" name="minimum" value="{{ minimum }}" id="input-minimum" readonly />
				<input type="hidden" name="order_step" value="{{ order_step }}" id="input-order_step" readonly />
				<input type="hidden" name="maximum_order" value="{{ maximum_order }}" id="input-maximum_order" readonly />
				<input type="hidden" name="text_alert_minimum" value="{{ text_alert_minimum }}" readonly />
				<input type="hidden" name="text_alert_maximum_order" value="{{ text_alert_maximum_order }}" readonly />
				<input type="hidden" name="text_alert_quantity_in_stock" value="{{ text_alert_quantity_in_stock }}" readonly />
				<input type="hidden" name="text_alert_quantity_in_order" value="{{ text_alert_quantity_in_order }}" readonly />
				<input type="hidden" name="text_alert_order_not_available" value="{{ text_alert_order_not_available }}" readonly />
				<input type="hidden" name="text_order_step" value="{{ text_order_step }}" readonly />
				<input type="hidden" name="text_alert_order_step" value="{{ text_alert_order_step }}" readonly />
				<input type="hidden" name="text_alert_oror" value="{{ text_alert_oror }}" readonly />
				<input type="hidden" name="text_check_for_number" value="{{ text_check_for_number }}" readonly />
				<input type="hidden" name="xvr_pm_vminus_status" value="{{ xvr_pm_vminus_status }}" readonly />
				<input type="hidden" name="xvr_product_name" value="{{ heading_title }}" readonly />
				<span class="input-group-btn">
					<button type="button" class="btn btn-primary" data-dir="up"><i class="fa fa-plus"></i></button>
				</span>
			</div>
		{% else %}
			<div class="input-group number-spinner-XVR number-spinner-XVR-button">
				{% if xvr_pm_vminus_status==1 %}
					{% if quantity>=minimum %}
						<input type="hidden" name="quantity" value="{{ minimum|round(3) }}" id="input-quantity" class="form-control input-quantity-XVR text-center" onkeyup="xvrCheckForCorrectInput2(this);"/>
						<input type="hidden" name="quantity-validate" value="{{ minimum|round(3) }}" id="input-quantity-validate" />
					{% endif %}
					{% if quantity<minimum %} <input type="hidden" name="quantity" value="0" id="input-quantity" class="form-control input-quantity-XVR text-center colortext2" readonly /> {% endif %}
				{% else %}
					<input type="hidden" name="quantity" value="{{ minimum|round(3) }}" id="input-quantity" class="form-control input-quantity-XVR text-center" onkeyup="xvrCheckForCorrectInput2(this);"/>
					<input type="hidden" name="quantity-validate" value="{{ minimum|round(3) }}" id="input-quantity-validate" />
				{% endif %}				
				<input type="hidden" name="quantity_in_stock" value="{{ quantity_in_stock }}" id="input-quantity_in_stock" class="form-control text-center" readonly />
				<input type="hidden" name="minimum" value="{{ minimum }}" id="input-minimum" readonly />
				<input type="hidden" name="order_step" value="{{ order_step }}" id="input-order_step" readonly />
				<input type="hidden" name="maximum_order" value="{{ maximum_order }}" id="input-maximum_order" readonly />
				<input type="hidden" name="text_alert_minimum" value="{{ text_alert_minimum }}" readonly />
				<input type="hidden" name="text_alert_maximum_order" value="{{ text_alert_maximum_order }}" readonly />
				<input type="hidden" name="text_alert_quantity_in_stock" value="{{ text_alert_quantity_in_stock }}" readonly />
				<input type="hidden" name="text_alert_quantity_in_order" value="{{ text_alert_quantity_in_order }}" readonly />
				<input type="hidden" name="text_alert_order_not_available" value="{{ text_alert_order_not_available }}" readonly />
				<input type="hidden" name="text_order_step" value="{{ text_order_step }}" readonly />
				<input type="hidden" name="text_alert_order_step" value="{{ text_alert_order_step }}" readonly />
				<input type="hidden" name="text_alert_oror" value="{{ text_alert_oror }}" readonly />
				<input type="hidden" name="text_check_for_number" value="{{ text_check_for_number }}" readonly />
				<input type="hidden" name="xvr_pm_vminus_status" value="{{ xvr_pm_vminus_status }}" readonly />
				<input type="hidden" name="xvr_product_name" value="{{ heading_title }}" readonly />
			</div>
		{% endif %}
	{% else %}
		<input type="text" name="quantity" value="{{ minimum }}" size="2" id="input-quantity" class="form-control" />
	{% endif %}
			]]></add>
        </operation>
  	</file>
<!-- Выводим информацию о минимальном и максимальном возможном заказе, а также о шаге увеличения количества для заказа -->
	<!-- Добавляем после строки 230 -->
  	<file path="catalog/controller/product/product.php">
		<operation>
            <search><![CDATA[
			$data['text_minimum'] = sprintf($this->language->get('text_minimum'), $product_info['minimum']);
			]]></search>
            <add position="after"><![CDATA[
			$data['text_maximum_order'] = sprintf($this->language->get('text_maximum_order'), $product_info['maximum_order']);
			$data['text_order_step'] = sprintf($this->language->get('text_order_step'), $product_info['order_step']);
			]]></add>
        </operation>  
  	</file>
	<!-- Добавляем после строки 285 -->
  	<file path="catalog/view/theme/*/template/product/product.twig">
		<operation>
            <search><![CDATA[
			{% if minimum > 1 %}
			]]></search>
            <add position="replace" offset="2"><![CDATA[
	{% if module_xvrproductquantities_status==1 %}
		{% if xvr_pm_product_status==1 %}
			{% if order_step > 0.001 %}
            <div class="alert alert-info"><i class="fa fa-info-circle"></i> {{ text_order_step }}{{ order_step|round(3) }}</div>
            {% endif %}
		{% endif %}
	{% endif %}
			{% if minimum > 0.001 %}
            <div class="alert alert-info"><i class="fa fa-info-circle"></i> {{ text_alert_minimum }}{{ minimum|round(3) }}</div>
			{% endif %}
	{% if module_xvrproductquantities_status==1 %}
		{% if xvr_pm_product_status==1 %}
			{% if maximum_order > 1 %}
            <div class="alert alert-info"><i class="fa fa-info-circle"></i> {{ text_maximum_order }}{{ maximum_order|round(3) }}</div>
            {% endif %}
		{% endif %}
	{% endif %}
			]]></add>
        </operation>  
  	</file>
<!-- Работа с МОДУЛЕМ настроек -->
  	<file path="catalog/model/catalog/product.php">
		<operation>
            <search><![CDATA[
			class ModelCatalogProduct extends Model {
			]]></search>
            <add position="after"><![CDATA[
			public function LoadSettingsModul() {
				return $this->config->get('module_xvrproductquantities_status');
			}
			public function LoadSettingsProduct() {
				return $this->config->get('xvr_pm_product_status');
			}
			public function LoadSettingsFeaturedProduct() {
				return $this->config->get('xvr_pm_featured_product_status');
			}
			public function LoadSettingsHome() {
				return $this->config->get('xvr_pm_home_status');
			}
			public function LoadSettingsOther() {
				return $this->config->get('xvr_pm_other_status');
			}
			public function LoadSettingsCart() {
				return $this->config->get('xvr_pm_cart_status');
			}
			public function LoadSettingsVminus() {
				return $this->config->get('xvr_pm_vminus_status');
			}
			]]></add>
        </operation>  
  	</file>
  	<file path="catalog/controller/product/product.php">
		<operation>
            <search index="0"><![CDATA[
			$this->load->model('catalog/product');
			]]></search>
            <add position="after"><![CDATA[
			$data['module_xvrproductquantities_status'] = $this->model_catalog_product->LoadSettingsModul();
			$data['xvr_pm_product_status'] = $this->model_catalog_product->LoadSettingsProduct();
			$data['xvr_pm_vminus_status'] = $this->model_catalog_product->LoadSettingsVminus();
			]]></add>
        </operation>  
  	</file>








<!-- КАРТОЧКА ТОВАРА Рекомендуемые товары -->
	<!-- Добавляем после строки 419 -->
  	<file path="catalog/controller/product/product.php">
		<operation>
            <search><![CDATA[
			'minimum'     => $result['minimum'] > 0 ? $result['minimum'] : 1,
			]]></search>
            <add position="after" offset="1"><![CDATA[
			'order_step'        => $result['order_step'],
			'maximum_order'     => $result['maximum_order'],
			'quantity_in_stock' => $result['quantity'],
			'quantity'          => $result['quantity'],
			]]></add>
        </operation>  
  	</file>
	<!-- Добавляем до строки 327 -->
	<file path="catalog/view/theme/*/template/product/product.twig">
		<operation error="skip">
			<search><![CDATA[ <div class="button-group"> ]]></search>
			<add position="before"><![CDATA[
	{% if module_xvrproductquantities_status==1 %}
		{% if xvr_pm_featured_product_status==1 %}
			<div class="input-group number-spinner-XVR number-spinner-XVR-button">
				{% if xvr_pm_vminus_status==1 %}
					{% if product.quantity>=product.minimum %}
						<input type="text" name="quantity" class="quantity_input form-control input-quantity-XVR text-center colortext1" value="{{ product.minimum|round(3) }}" id="input-quantity" onkeyup="xvrCheckForCorrectInput2(this);" />
						<input type="hidden" name="quantity-validate" value="{{ product.minimum|round(3) }}" id="input-quantity-validate" />
					{% endif %}
					{% if product.quantity<product.minimum %} <input type="text" name="quantity" class="quantity_input form-control input-quantity-XVR text-center colortext2" value="0" id="input-quantity" readonly /> {% endif %}
				{% else %}
					<input type="text" name="quantity" class="quantity_input form-control input-quantity-XVR text-center colortext1" value="{{ product.minimum|round(3) }}" id="input-quantity" onkeyup="xvrCheckForCorrectInput2(this);" />
					<input type="hidden" name="quantity-validate" value="{{ product.minimum|round(3) }}" id="input-quantity-validate" />
				{% endif %}				
				<input type="hidden" name="quantity_in_stock" value="{{ product.quantity_in_stock }}" id="input-quantity_in_stock" readonly />
				<input type="hidden" name="minimum" value="{{ product.minimum }}" id="input-minimum" readonly />
				<input type="hidden" name="order_step" value="{{ product.order_step }}" id="input-order_step" readonly />
				<input type="hidden" name="maximum_order" value="{{ product.maximum_order }}" id="input-maximum_order" readonly />
				<input type="hidden" name="text_alert_minimum" value="{{ text_alert_minimum }}" readonly />
				<input type="hidden" name="text_alert_maximum_order" value="{{ text_alert_maximum_order }}" readonly />
				<input type="hidden" name="text_alert_quantity_in_stock" value="{{ text_alert_quantity_in_stock }}" readonly />
				<input type="hidden" name="text_alert_quantity_in_order" value="{{ text_alert_quantity_in_order }}" readonly />
				<input type="hidden" name="text_alert_order_not_available" value="{{ text_alert_order_not_available }}" readonly />
				<input type="hidden" name="text_order_step" value="{{ text_order_step }}" readonly />
				<input type="hidden" name="text_alert_order_step" value="{{ text_alert_order_step }}" readonly />
				<input type="hidden" name="text_alert_oror" value="{{ text_alert_oror }}" readonly />
				<input type="hidden" name="text_check_for_number" value="{{ text_check_for_number }}" readonly />
				<input type="hidden" name="xvr_pm_vminus_status" value="{{ xvr_pm_vminus_status }}" readonly />
				<input type="hidden" name="xvr_product_name" value="{{ product.name }}" readonly />
				<span class="input-group-btn">
					<button type="button" class="btn btn-*" data-dir="dwn"><i class="fa fa-minus"></i></button>
					<button type="button" class="btn btn-*" data-dir="up"><i class="fa fa-plus"></i></button>
				</span>
			</div>
        {% else %}
			<div class="input-group number-spinner-XVR number-spinner-XVR-button">
				{% if xvr_pm_vminus_status==1 %}
					{% if product.quantity>=product.minimum %}
						<input type="hidden" name="quantity" class="quantity_input form-control input-quantity-XVR text-center colortext1" value="{{ product.minimum|round(3) }}" id="input-quantity" onkeyup="xvrCheckForCorrectInput2(this);" />
						<input type="hidden" name="quantity-validate" value="{{ product.minimum|round(3) }}" id="input-quantity-validate" />
					{% endif %}
					{% if product.quantity<product.minimum %} <input type="hidden" name="quantity" class="quantity_input form-control input-quantity-XVR text-center colortext2" value="0" id="input-quantity" readonly /> {% endif %}
				{% else %}
					<input type="hidden" name="quantity" class="quantity_input form-control input-quantity-XVR text-center colortext1" value="{{ product.minimum|round(3) }}" id="input-quantity" onkeyup="xvrCheckForCorrectInput2(this);" />
					<input type="hidden" name="quantity-validate" value="{{ product.minimum|round(3) }}" id="input-quantity-validate" />
				{% endif %}				
				<input type="hidden" name="quantity_in_stock" value="{{ product.quantity_in_stock }}" id="input-quantity_in_stock" readonly />
				<input type="hidden" name="minimum" value="{{ product.minimum }}" id="input-minimum" readonly />
				<input type="hidden" name="order_step" value="{{ product.order_step }}" id="input-order_step" readonly />
				<input type="hidden" name="maximum_order" value="{{ product.maximum_order }}" id="input-maximum_order" readonly />
				<input type="hidden" name="text_alert_minimum" value="{{ text_alert_minimum }}" readonly />
				<input type="hidden" name="text_alert_maximum_order" value="{{ text_alert_maximum_order }}" readonly />
				<input type="hidden" name="text_alert_quantity_in_stock" value="{{ text_alert_quantity_in_stock }}" readonly />
				<input type="hidden" name="text_alert_quantity_in_order" value="{{ text_alert_quantity_in_order }}" readonly />
				<input type="hidden" name="text_alert_order_not_available" value="{{ text_alert_order_not_available }}" readonly />
				<input type="hidden" name="text_order_step" value="{{ text_order_step }}" readonly />
				<input type="hidden" name="text_alert_order_step" value="{{ text_alert_order_step }}" readonly />
				<input type="hidden" name="text_alert_oror" value="{{ text_alert_oror }}" readonly />
				<input type="hidden" name="text_check_for_number" value="{{ text_check_for_number }}" readonly />
				<input type="hidden" name="xvr_pm_vminus_status" value="{{ xvr_pm_vminus_status }}" readonly />
				<input type="hidden" name="xvr_product_name" value="{{ product.name }}" readonly />
			</div>
		{% endif %}
    {% else %}
	{% endif %}
			]]></add>
		</operation>
		<operation>
			<search error="skip"><![CDATA[ <button type="button" onclick="cart.add('{{ product.product_id }}', '{{ product.minimum }}');"><span class="hidden-xs hidden-sm hidden-md">{{ button_cart }}</span> <i class="fa fa-shopping-cart"></i></button> ]]></search>
			<add position="replace"><![CDATA[
	{% if module_xvrproductquantities_status==1 %}
		{% if xvr_pm_featured_product_status==1 %}
			<button type="button" onclick="xvrCheckForCorrectInputOther(this, '{{ product.product_id }}');"><span class="hidden-xs hidden-sm hidden-md">{{ button_cart }}</span> <i class="fa fa-shopping-cart"></i></button>
		{% else %}
		    <button type="button" onclick="xvrCheckForCorrectInputOther(this, '{{ product.product_id }}');"><span class="hidden-xs hidden-sm hidden-md">{{ button_cart }}</span> <i class="fa fa-shopping-cart"></i></button>
		{% endif %}
	{% else %}
		<button type="button" onclick="cart.add('{{ product.product_id }}', '{{ product.minimum }}');"><span class="hidden-xs hidden-sm hidden-md">{{ button_cart }}</span> <i class="fa fa-shopping-cart"></i></button>
	{% endif %}
			]]></add>
		</operation>
	</file>
<!-- Работа с МОДУЛЕМ настроек -->
  	<file path="catalog/controller/product/product.php">
		<operation>
            <search><![CDATA[
			'href'        => $this->url->link('product/product', 'product_id=' . $result['product_id'])
			]]></search>
            <add position="after" offset="2"><![CDATA[
			$data['module_xvrproductquantities_status'] = $this->model_catalog_product->LoadSettingsModul();
			$data['xvr_pm_featured_product_status'] = $this->model_catalog_product->LoadSettingsFeaturedProduct();
			$data['xvr_pm_vminus_status'] = $this->model_catalog_product->LoadSettingsVminus();
			]]></add>
        </operation>  
  	</file>








<!-- КАТАЛОГ ТОВАРОВ-->
	<!-- Добавление после строки 24 -->
	<file path="catalog/language/ru-ru/product/category.php">
		<operation>
            <search><![CDATA[
			$_['text_limit']        = 'Показать:';
			]]></search>
            <add position="after"><![CDATA[
			$_['text_alert_minimum']             = 'МИНИМАЛЬНОЕ количество для заказа: ';
			$_['text_maximum_order']             = 'Максимальное количество для заказа: %s';
			$_['text_alert_maximum_order']       = 'МАКСИМАЛЬНОЕ количество для заказа: ';
			$_['text_order_step']                = 'ВНИМАНИЕ! Данный товар продается кратно: ';
			$_['text_alert_quantity_in_stock']   = 'Остаток на складе: ';
			$_['text_alert_quantity_in_order']   = 'Доступно для заказа: ';
			$_['text_alert_order_step']          = 'Возможен заказ в количестве, кратном шагу партии: ';
			$_['text_alert_oror']                = ' или ';
			$_['text_alert_order_not_available'] = 'Товар отсутствует на складе.<br>Заказ недоступен!';
			$_['text_check_for_number']          = 'Введите ЧИСЛОВОЕ значение количества!';
			]]></add>
        </operation>
	</file>
	<!-- Добавляем после строки 204 -->
  	<file path="catalog/controller/product/category.php">
		<operation>
            <search><![CDATA[
			'minimum'     => $result['minimum'] > 0 ? $result['minimum'] : 1,
			]]></search>
            <add position="replace"><![CDATA[
			'minimum'           => $result['minimum'] > 0 ? $result['minimum'] : 1,
			'maximum_order'     => $result['maximum_order'],
			'order_step'        => $result['order_step'],
			'quantity_in_stock' => $result['quantity'],
			'quantity'          => $result['quantity'],
			]]></add>
        </operation>  
  	</file>
<!-- Кнопки ПЛЮС / МИНУС в шаблон списка товаров -->
	<file path="catalog/view/theme/*/template/product/category.twig">
	  	<!-- Добавляем перед строкой 147 -->
		<operation>
            <search><![CDATA[
			<div class="button-group">
			]]></search>
            <add position="before"><![CDATA[
	{% if module_xvrproductquantities_status==1 %}
		{% if xvr_pm_category_status==1 %}
			<div class="input-group number-spinner-XVR number-spinner-XVR-button">
				{% if xvr_pm_vminus_status==1 %}
					{% if product.quantity>=product.minimum %}
						<input type="text" name="quantity" class="quantity_input form-control input-quantity-XVR text-center colortext1" value="{{ product.minimum|round(3) }}" id="input-quantity" onkeyup="xvrCheckForCorrectInput2(this);" />
						<input type="hidden" name="quantity-validate" value="{{ product.minimum|round(3) }}" id="input-quantity-validate" />
					{% endif %}
					{% if product.quantity<product.minimum %} <input type="text" name="quantity" class="quantity_input form-control input-quantity-XVR text-center colortext2" value="0" id="input-quantity" readonly /> {% endif %}
				{% else %}
					<input type="text" name="quantity" class="quantity_input form-control input-quantity-XVR text-center colortext1" value="{{ product.minimum|round(3) }}" id="input-quantity" onkeyup="xvrCheckForCorrectInput2(this);" />
					<input type="hidden" name="quantity-validate" value="{{ product.minimum|round(3) }}" id="input-quantity-validate" />
				{% endif %}				
				<input type="hidden" name="quantity_in_stock" value="{{ product.quantity_in_stock }}" id="input-quantity_in_stock" readonly />
				<input type="hidden" name="minimum" value="{{ product.minimum }}" id="input-minimum" readonly />
				<input type="hidden" name="order_step" value="{{ product.order_step }}" id="input-order_step" readonly />
				<input type="hidden" name="maximum_order" value="{{ product.maximum_order }}" id="input-maximum_order" readonly />
				<input type="hidden" name="text_alert_minimum" value="{{ text_alert_minimum }}" readonly />
				<input type="hidden" name="text_alert_maximum_order" value="{{ text_alert_maximum_order }}" readonly />
				<input type="hidden" name="text_alert_quantity_in_stock" value="{{ text_alert_quantity_in_stock }}" readonly />
				<input type="hidden" name="text_alert_quantity_in_order" value="{{ text_alert_quantity_in_order }}" readonly />
				<input type="hidden" name="text_alert_order_not_available" value="{{ text_alert_order_not_available }}" readonly />
				<input type="hidden" name="text_order_step" value="{{ text_order_step }}" readonly />
				<input type="hidden" name="text_alert_order_step" value="{{ text_alert_order_step }}" readonly />
				<input type="hidden" name="text_alert_oror" value="{{ text_alert_oror }}" readonly />
				<input type="hidden" name="text_check_for_number" value="{{ text_check_for_number }}" readonly />
				<input type="hidden" name="xvr_pm_vminus_status" value="{{ xvr_pm_vminus_status }}" readonly />
				<input type="hidden" name="xvr_product_name" value="{{ product.name }}" readonly />
				<span class="input-group-btn">
					<button type="button" class="btn btn-*" data-dir="dwn"><i class="fa fa-minus"></i></button>
					<button type="button" class="btn btn-*" data-dir="up"><i class="fa fa-plus"></i></button>
				</span>
			</div>
		{% else %}
			<div class="input-group number-spinner-XVR number-spinner-XVR-button">
				{% if xvr_pm_vminus_status==1 %}
					{% if product.quantity>=product.minimum %}
						<input type="hidden" name="quantity" class="quantity_input form-control input-quantity-XVR text-center colortext1" value="{{ product.minimum|round(3) }}" id="input-quantity" onkeyup="xvrCheckForCorrectInput2(this);" />
						<input type="hidden" name="quantity-validate" value="{{ product.minimum|round(3) }}" id="input-quantity-validate" />
					{% endif %}
					{% if product.quantity<product.minimum %} <input type="hidden" name="quantity" class="quantity_input form-control input-quantity-XVR text-center colortext2" value="0" id="input-quantity" readonly /> {% endif %}
				{% else %}
					<input type="hidden" name="quantity" class="quantity_input form-control input-quantity-XVR text-center colortext1" value="{{ product.minimum|round(3) }}" id="input-quantity" onkeyup="xvrCheckForCorrectInput2(this);" />
					<input type="hidden" name="quantity-validate" value="{{ product.minimum|round(3) }}" id="input-quantity-validate" />
				{% endif %}				
				<input type="hidden" name="quantity_in_stock" value="{{ product.quantity_in_stock }}" id="input-quantity_in_stock" readonly />
				<input type="hidden" name="minimum" value="{{ product.minimum }}" id="input-minimum" readonly />
				<input type="hidden" name="order_step" value="{{ product.order_step }}" id="input-order_step" readonly />
				<input type="hidden" name="maximum_order" value="{{ product.maximum_order }}" id="input-maximum_order" readonly />
				<input type="hidden" name="text_alert_minimum" value="{{ text_alert_minimum }}" readonly />
				<input type="hidden" name="text_alert_maximum_order" value="{{ text_alert_maximum_order }}" readonly />
				<input type="hidden" name="text_alert_quantity_in_stock" value="{{ text_alert_quantity_in_stock }}" readonly />
				<input type="hidden" name="text_alert_quantity_in_order" value="{{ text_alert_quantity_in_order }}" readonly />
				<input type="hidden" name="text_alert_order_not_available" value="{{ text_alert_order_not_available }}" readonly />
				<input type="hidden" name="text_order_step" value="{{ text_order_step }}" readonly />
				<input type="hidden" name="text_alert_order_step" value="{{ text_alert_order_step }}" readonly />
				<input type="hidden" name="text_alert_oror" value="{{ text_alert_oror }}" readonly />
				<input type="hidden" name="text_check_for_number" value="{{ text_check_for_number }}" readonly />
				<input type="hidden" name="xvr_pm_vminus_status" value="{{ xvr_pm_vminus_status }}" readonly />
				<input type="hidden" name="xvr_product_name" value="{{ product.name }}" readonly />
			</div>
		{% endif %}
	{% else %}
	{% endif %}
			]]></add>
        </operation>
	  	<!-- Заменяем в строке 148 -->
		<operation>
            <search><![CDATA[ <button type="button" onclick="cart.add('{{ product.product_id }}', '{{ product.minimum }}');"><i class="fa fa-shopping-cart"></i> <span class="hidden-xs hidden-sm hidden-md">{{ button_cart }}</span></button> ]]></search>
            <add position="replace"><![CDATA[
	{% if module_xvrproductquantities_status==1 %}
		{% if xvr_pm_category_status==1 %}
			<button type="button" onclick="xvrCheckForCorrectInputOther(this, '{{ product.product_id }}');"><i class="fa fa-shopping-cart"></i> <span class="hidden-xs hidden-sm hidden-md">{{ button_cart }}</span></button>
		{% else %}
			<button type="button" onclick="xvrCheckForCorrectInputOther(this, '{{ product.product_id }}');"><i class="fa fa-shopping-cart"></i> <span class="hidden-xs hidden-sm hidden-md">{{ button_cart }}</span></button>
		{% endif %}
	{% else %}
		<button type="button" onclick="cart.add('{{ product.product_id }}', '{{ product.minimum }}');"><i class="fa fa-shopping-cart"></i> <span class="hidden-xs hidden-sm hidden-md">{{ button_cart }}</span></button>
	{% endif %}
			]]></add>
        </operation>
  	</file>
<!-- Работа с МОДУЛЕМ настроек -->
  	<file path="catalog/model/catalog/category.php">
		<operation>
            <search><![CDATA[
			class ModelCatalogCategory extends Model {
			]]></search>
            <add position="after"><![CDATA[
			public function LoadSettingsModul() {
				return $this->config->get('module_xvrproductquantities_status');
			}
			public function LoadSettingsCategory() {
				return $this->config->get('xvr_pm_category_status');
			}
			public function LoadSettingsVminus() {
				return $this->config->get('xvr_pm_vminus_status');
			}
			]]></add>
        </operation>  
  	</file>
  	<file path="catalog/controller/product/category.php">
		<operation>
            <search><![CDATA[
			$this->load->model('catalog/category');
			]]></search>
            <add position="after"><![CDATA[
			$data['module_xvrproductquantities_status'] = $this->model_catalog_category->LoadSettingsModul();
			$data['xvr_pm_category_status'] = $this->model_catalog_category->LoadSettingsCategory();
			$data['xvr_pm_vminus_status'] = $this->model_catalog_category->LoadSettingsVminus();
			]]></add>
        </operation>  
  	</file>








<!-- ГЛАВНАЯ И ДРУГИЕ СТРАНИЦЫ, ГДЕ АДМИНИСТРАТОРОМ ПОДКЛЮЧЕНЫ МОДУЛИ: -->
<!-- Новые поступления(latest), Акции(special), Хит продаж(bestseller), Рекомендуемые(featured) -->
	<file path="catalog/language/ru-ru/extension/module/{latest,special,bestseller,featured}*.php">
		<operation>
            <search><![CDATA[ // Text ]]></search>
            <add position="after"><![CDATA[
			$_['text_alert_minimum']             = 'МИНИМАЛЬНОЕ количество для заказа: ';
			$_['text_maximum_order']             = 'Максимальное количество для заказа: %s';
			$_['text_alert_maximum_order']       = 'МАКСИМАЛЬНОЕ количество для заказа: ';
			$_['text_order_step']                = 'ВНИМАНИЕ! Данный товар продается кратно: ';
			$_['text_alert_quantity_in_stock']   = 'Остаток на складе: ';
			$_['text_alert_quantity_in_order']   = 'Доступно для заказа: ';
			$_['text_alert_order_step']          = 'Возможен заказ в количестве, кратном шагу партии: ';
			$_['text_alert_oror']                = ' или ';
			$_['text_alert_order_not_available'] = 'Товар отсутствует на складе.<br>Заказ недоступен!';
			$_['text_check_for_number']          = 'Введите ЧИСЛОВОЕ значение количества!';
			]]></add>
        </operation>
	</file>
	<file path="catalog/controller/extension/module/{latest,special,bestseller}.php">
		<operation error="skip">
			<search><![CDATA[ $data['products'][] = array( ]]></search>
			<add position="after"><![CDATA[ 
			'quantity'          => $result['quantity'],
			'quantity_in_stock' => $result['quantity'],
			'minimum'	        => $result['minimum'],
 			'maximum_order'     => $result['maximum_order'],
			'order_step'        => $result['order_step'],
			]]></add>
		</operation>
	</file>
	<file path="catalog/controller/extension/module/featured.php">
		<operation error="skip">
			<search><![CDATA[ $data['products'][] = array( ]]></search>
			<add position="after"><![CDATA[ 
			'quantity'          => $product_info['quantity'],
			'quantity_in_stock' => $product_info['quantity'],
			'minimum'	        => $product_info['minimum'],
			'order_step'        => $product_info['order_step'],
			'maximum_order'     => $product_info['maximum_order'],
			]]></add>
		</operation>
	</file>
	<file path="catalog/view/theme/*/template/extension/module/{latest,special,bestseller,featured}*.twig">
		<operation error="skip">
			<search><![CDATA[ <div class="button-group"> ]]></search>
			<add position="before"><![CDATA[
	{% if module_xvrproductquantities_status==1 %}
		{% if xvr_pm_home_status==1 %}
			<div class="input-group number-spinner-XVR number-spinner-XVR-button">
				{% if xvr_pm_vminus_status==1 %}
					{% if product.quantity>=product.minimum %}
						<input type="text" name="quantity" class="quantity_input form-control input-quantity-XVR text-center colortext1" value="{{ product.minimum|round(3) }}" id="input-quantity" onkeyup="xvrCheckForCorrectInput2(this);" />
						<input type="hidden" name="quantity-validate" value="{{ product.minimum|round(3) }}" id="input-quantity-validate" />
					{% endif %}
					{% if product.quantity<product.minimum %} <input type="text" name="quantity" class="quantity_input form-control input-quantity-XVR text-center colortext2" value="0" id="input-quantity" readonly /> {% endif %}
				{% else %}
					<input type="text" name="quantity" class="quantity_input form-control input-quantity-XVR text-center colortext1" value="{{ product.minimum|round(3) }}" id="input-quantity" onkeyup="xvrCheckForCorrectInput2(this);" />
					<input type="hidden" name="quantity-validate" value="{{ product.minimum|round(3) }}" id="input-quantity-validate" />
				{% endif %}
				<input type="hidden" name="quantity_in_stock" value="{{ product.quantity_in_stock }}" id="input-quantity_in_stock" readonly />
				<input type="hidden" name="minimum" value="{{ product.minimum }}" id="input-minimum" readonly />
				<input type="hidden" name="order_step" value="{{ product.order_step }}" id="input-order_step" readonly />
				<input type="hidden" name="maximum_order" value="{{ product.maximum_order }}" id="input-maximum_order" readonly />
				<input type="hidden" name="text_alert_minimum" value="{{ text_alert_minimum }}" readonly />
				<input type="hidden" name="text_alert_maximum_order" value="{{ text_alert_maximum_order }}" readonly />
				<input type="hidden" name="text_alert_quantity_in_stock" value="{{ text_alert_quantity_in_stock }}" readonly />
				<input type="hidden" name="text_alert_quantity_in_order" value="{{ text_alert_quantity_in_order }}" readonly />
				<input type="hidden" name="text_alert_order_not_available" value="{{ text_alert_order_not_available }}" readonly />
				<input type="hidden" name="text_order_step" value="{{ text_order_step }}" readonly />
				<input type="hidden" name="text_alert_order_step" value="{{ text_alert_order_step }}" readonly />
				<input type="hidden" name="text_alert_oror" value="{{ text_alert_oror }}" readonly />
				<input type="hidden" name="text_check_for_number" value="{{ text_check_for_number }}" readonly />
				<input type="hidden" name="xvr_pm_vminus_status" value="{{ xvr_pm_vminus_status }}" readonly />
				<input type="hidden" name="xvr_product_name" value="{{ product.name }}" readonly />
				<span class="input-group-btn">
					<button type="button" class="btn btn-*" data-dir="dwn"><i class="fa fa-minus"></i></button>
					<button type="button" class="btn btn-*" data-dir="up"><i class="fa fa-plus"></i></button>
				</span>
			</div>
		{% else %}
			<div class="input-group number-spinner-XVR number-spinner-XVR-button">
				{% if xvr_pm_vminus_status==1 %}
					{% if product.quantity>=product.minimum %}
						<input type="hidden" name="quantity" class="quantity_input form-control input-quantity-XVR text-center colortext1" value="{{ product.minimum|round(3) }}" id="input-quantity" onkeyup="xvrCheckForCorrectInput2(this);" />
						<input type="hidden" name="quantity-validate" value="{{ product.minimum|round(3) }}" id="input-quantity-validate" />
					{% endif %}
					{% if product.quantity<product.minimum %} <input type="hidden" name="quantity" class="quantity_input form-control input-quantity-XVR text-center colortext2" value="0" id="input-quantity" readonly /> {% endif %}
				{% else %}
					<input type="hidden" name="quantity" class="quantity_input form-control input-quantity-XVR text-center colortext1" value="{{ product.minimum|round(3) }}" id="input-quantity" onkeyup="xvrCheckForCorrectInput2(this);" />
					<input type="hidden" name="quantity-validate" value="{{ product.minimum|round(3) }}" id="input-quantity-validate" />
				{% endif %}
				<input type="hidden" name="quantity_in_stock" value="{{ product.quantity_in_stock }}" id="input-quantity_in_stock" readonly />
				<input type="hidden" name="minimum" value="{{ product.minimum }}" id="input-minimum" readonly />
				<input type="hidden" name="order_step" value="{{ product.order_step }}" id="input-order_step" readonly />
				<input type="hidden" name="maximum_order" value="{{ product.maximum_order }}" id="input-maximum_order" readonly />
				<input type="hidden" name="text_alert_minimum" value="{{ text_alert_minimum }}" readonly />
				<input type="hidden" name="text_alert_maximum_order" value="{{ text_alert_maximum_order }}" readonly />
				<input type="hidden" name="text_alert_quantity_in_stock" value="{{ text_alert_quantity_in_stock }}" readonly />
				<input type="hidden" name="text_alert_quantity_in_order" value="{{ text_alert_quantity_in_order }}" readonly />
				<input type="hidden" name="text_alert_order_not_available" value="{{ text_alert_order_not_available }}" readonly />
				<input type="hidden" name="text_order_step" value="{{ text_order_step }}" readonly />
				<input type="hidden" name="text_alert_order_step" value="{{ text_alert_order_step }}" readonly />
				<input type="hidden" name="text_alert_oror" value="{{ text_alert_oror }}" readonly />
				<input type="hidden" name="text_check_for_number" value="{{ text_check_for_number }}" readonly />
				<input type="hidden" name="xvr_pm_vminus_status" value="{{ xvr_pm_vminus_status }}" readonly />
				<input type="hidden" name="xvr_product_name" value="{{ product.name }}" readonly />
			</div>
		{% endif %}
	{% else %}
	{% endif %}
			]]></add>
		</operation>
		<operation>
			<search error="skip"><![CDATA[ <button type="button" onclick="cart.add('{{ product.product_id }}');"><i class="fa fa-shopping-cart"></i> <span class="hidden-xs hidden-sm hidden-md">{{ button_cart }}</span></button> ]]></search>
			<add position="replace"><![CDATA[
	{% if module_xvrproductquantities_status==1 %}
		{% if xvr_pm_home_status==1 %}
			<button type="button" onclick="xvrCheckForCorrectInputOther(this, '{{ product.product_id }}');"><i class="fa fa-shopping-cart"></i> <span class="hidden-xs hidden-sm hidden-md">{{ button_cart }}</span></button>
		{% else %}
			<button type="button" onclick="xvrCheckForCorrectInputOther(this, '{{ product.product_id }}');"><i class="fa fa-shopping-cart"></i> <span class="hidden-xs hidden-sm hidden-md">{{ button_cart }}</span></button>
		{% endif %}
	{% else %}
		<button type="button" onclick="cart.add('{{ product.product_id }}');"><i class="fa fa-shopping-cart"></i> <span class="hidden-xs hidden-sm hidden-md">{{ button_cart }}</span></button>
	{% endif %}
			]]></add>
		</operation>
	</file>
<!-- Работа с МОДУЛЕМ настроек -->
   	<file path="catalog/controller/extension/module/{latest,special,bestseller,featured}.php">
		<operation>
            <search><![CDATA[
			$this->load->model('catalog/product');
			]]></search>
            <add position="after"><![CDATA[
			$data['module_xvrproductquantities_status'] = $this->model_catalog_product->LoadSettingsModul();
			$data['xvr_pm_home_status'] = $this->model_catalog_product->LoadSettingsHome();
			$data['xvr_pm_vminus_status'] = $this->model_catalog_product->LoadSettingsVminus();
			]]></add>
        </operation>  
  	</file>








<!-- ОТДЕЛЬНЫЕ СТРАНИЦЫ Акции(special), Поиск(search), Производители(manufacturer) -->
	<!-- Добавляем переменные в language -->
	<file path="catalog/language/ru-ru/product/{search,special,manufacturer}.php">
		<operation>
            <search><![CDATA[ $_['text_quantity']     = 'Количество:'; ]]></search>
            <add position="after"><![CDATA[
			$_['text_minimum']                   = 'Минимальное количество для заказа: %s';
			$_['text_alert_minimum']             = 'МИНИМАЛЬНОЕ количество для заказа: ';
			$_['text_maximum_order']             = 'Максимальное количество для заказа: %s';
			$_['text_alert_maximum_order']       = 'МАКСИМАЛЬНОЕ количество для заказа: ';
			$_['text_order_step']                = 'ВНИМАНИЕ! Данный товар продается кратно: ';
			$_['text_alert_quantity_in_stock']   = 'Остаток на складе: ';
			$_['text_alert_quantity_in_order']   = 'Доступно для заказа: ';
			$_['text_alert_order_step']          = 'Возможен заказ в количестве, кратном шагу партии: ';
			$_['text_alert_oror']                = ' или ';
			$_['text_alert_order_not_available'] = 'Товар отсутствует на складе.<br>Заказ недоступен!';
			$_['text_check_for_number']          = 'Введите ЧИСЛОВОЕ значение количества!';
			]]></add>
        </operation>
	</file>
	<!-- Добавляем переменные -->
	<file path="catalog/controller/product/{search,special,manufacturer}.php">
		<operation error="skip">
			<search><![CDATA[ 'minimum'     => $result['minimum'] > 0 ? $result['minimum'] : 1, ]]></search>
			<add position="after"><![CDATA[ 
			'quantity'          => $result['quantity'],
			'quantity_in_stock' => $result['quantity'],
 			'maximum_order'     => $result['maximum_order'],
			'order_step'        => $result['order_step'],
			]]></add>
		</operation>
	</file>
	<!-- Кнопки ПЛЮС / МИНУС -->
	<file path="catalog/view/theme/*/template/product/{search,special,manufacturer_info}.twig">
		<operation error="skip">
			<search><![CDATA[ <div class="button-group"> ]]></search>
			<add position="before"><![CDATA[
	{% if module_xvrproductquantities_status==1 %}
		{% if xvr_pm_other_status==1 %}
			<div class="input-group number-spinner-XVR number-spinner-XVR-button">
				{% if xvr_pm_vminus_status==1 %}
					{% if product.quantity>=product.minimum %}
						<input type="text" name="quantity" class="quantity_input form-control input-quantity-XVR text-center colortext1" value="{{ product.minimum|round(3) }}" id="input-quantity" onkeyup="xvrCheckForCorrectInput2(this);" />
						<input type="hidden" name="quantity-validate" value="{{ product.minimum|round(3) }}" id="input-quantity-validate" />
					{% endif %}
					{% if product.quantity<product.minimum %} <input type="text" name="quantity" class="quantity_input form-control input-quantity-XVR text-center colortext2" value="0" id="input-quantity" readonly /> {% endif %}
				{% else %}
					<input type="text" name="quantity" class="quantity_input form-control input-quantity-XVR text-center colortext1" value="{{ product.minimum|round(3) }}" id="input-quantity" onkeyup="xvrCheckForCorrectInput2(this);" />
					<input type="hidden" name="quantity-validate" value="{{ product.minimum|round(3) }}" id="input-quantity-validate" />
				{% endif %}				
				<input type="hidden" name="quantity_in_stock" value="{{ product.quantity_in_stock }}" id="input-quantity_in_stock" readonly />
				<input type="hidden" name="minimum" value="{{ product.minimum }}" id="input-minimum" readonly />
				<input type="hidden" name="order_step" value="{{ product.order_step }}" id="input-order_step" readonly />
				<input type="hidden" name="maximum_order" value="{{ product.maximum_order }}" id="input-maximum_order" readonly />
				<input type="hidden" name="text_alert_minimum" value="{{ text_alert_minimum }}" readonly />
				<input type="hidden" name="text_alert_maximum_order" value="{{ text_alert_maximum_order }}" readonly />
				<input type="hidden" name="text_alert_quantity_in_stock" value="{{ text_alert_quantity_in_stock }}" readonly />
				<input type="hidden" name="text_alert_quantity_in_order" value="{{ text_alert_quantity_in_order }}" readonly />
				<input type="hidden" name="text_alert_order_not_available" value="{{ text_alert_order_not_available }}" readonly />
				<input type="hidden" name="text_order_step" value="{{ text_order_step }}" readonly />
				<input type="hidden" name="text_alert_order_step" value="{{ text_alert_order_step }}" readonly />
				<input type="hidden" name="text_alert_oror" value="{{ text_alert_oror }}" readonly />
				<input type="hidden" name="text_check_for_number" value="{{ text_check_for_number }}" readonly />
				<input type="hidden" name="xvr_pm_vminus_status" value="{{ xvr_pm_vminus_status }}" readonly />
				<input type="hidden" name="xvr_product_name" value="{{ product.name }}" readonly />
				<span class="input-group-btn">
					<button type="button" class="btn btn-*" data-dir="dwn"><i class="fa fa-minus"></i></button>
					<button type="button" class="btn btn-*" data-dir="up"><i class="fa fa-plus"></i></button>
				</span>
			</div>
		{% else %}
			<div class="input-group number-spinner-XVR number-spinner-XVR-button">
				{% if xvr_pm_vminus_status==1 %}
					{% if product.quantity>=product.minimum %}
						<input type="hidden" name="quantity" class="quantity_input form-control input-quantity-XVR text-center colortext1" value="{{ product.minimum|round(3) }}" id="input-quantity" onkeyup="xvrCheckForCorrectInput2(this);" />
						<input type="hidden" name="quantity-validate" value="{{ product.minimum|round(3) }}" id="input-quantity-validate" />
					{% endif %}
					{% if product.quantity<product.minimum %} <input type="hidden" name="quantity" class="quantity_input form-control input-quantity-XVR text-center colortext2" value="0" id="input-quantity" readonly /> {% endif %}
				{% else %}
					<input type="hidden" name="quantity" class="quantity_input form-control input-quantity-XVR text-center colortext1" value="{{ product.minimum|round(3) }}" id="input-quantity" onkeyup="xvrCheckForCorrectInput2(this);" />
					<input type="hidden" name="quantity-validate" value="{{ product.minimum|round(3) }}" id="input-quantity-validate" />
				{% endif %}				
				<input type="hidden" name="quantity_in_stock" value="{{ product.quantity_in_stock }}" id="input-quantity_in_stock" readonly />
				<input type="hidden" name="minimum" value="{{ product.minimum }}" id="input-minimum" readonly />
				<input type="hidden" name="order_step" value="{{ product.order_step }}" id="input-order_step" readonly />
				<input type="hidden" name="maximum_order" value="{{ product.maximum_order }}" id="input-maximum_order" readonly />
				<input type="hidden" name="text_alert_minimum" value="{{ text_alert_minimum }}" readonly />
				<input type="hidden" name="text_alert_maximum_order" value="{{ text_alert_maximum_order }}" readonly />
				<input type="hidden" name="text_alert_quantity_in_stock" value="{{ text_alert_quantity_in_stock }}" readonly />
				<input type="hidden" name="text_alert_quantity_in_order" value="{{ text_alert_quantity_in_order }}" readonly />
				<input type="hidden" name="text_alert_order_not_available" value="{{ text_alert_order_not_available }}" readonly />
				<input type="hidden" name="text_order_step" value="{{ text_order_step }}" readonly />
				<input type="hidden" name="text_alert_order_step" value="{{ text_alert_order_step }}" readonly />
				<input type="hidden" name="text_alert_oror" value="{{ text_alert_oror }}" readonly />
				<input type="hidden" name="text_check_for_number" value="{{ text_check_for_number }}" readonly />
				<input type="hidden" name="xvr_pm_vminus_status" value="{{ xvr_pm_vminus_status }}" readonly />
				<input type="hidden" name="xvr_product_name" value="{{ product.name }}" readonly />
			</div>
		{% endif %}
	{% else %}
	{% endif %}
			]]></add>
		</operation>
		<operation>
			<search error="skip"><![CDATA[ <button type="button" onclick="cart.add('{{ product.product_id }}', '{{ product.minimum }}');"><i class="fa fa-shopping-cart"></i> <span class="hidden-xs hidden-sm hidden-md">{{ button_cart }}</span></button> ]]></search>
			<add position="replace"><![CDATA[
	{% if module_xvrproductquantities_status==1 %}
		{% if xvr_pm_other_status==1 %}
			<button type="button" onclick="xvrCheckForCorrectInputOther(this, '{{ product.product_id }}');"><i class="fa fa-shopping-cart"></i> <span class="hidden-xs hidden-sm hidden-md">{{ button_cart }}</span></button>
		{% else %}
			<button type="button" onclick="xvrCheckForCorrectInputOther(this, '{{ product.product_id }}');"><i class="fa fa-shopping-cart"></i> <span class="hidden-xs hidden-sm hidden-md">{{ button_cart }}</span></button>
		{% endif %}
	{% else %}
		<button type="button" onclick="cart.add('{{ product.product_id }}', '{{ product.minimum }}');"><i class="fa fa-shopping-cart"></i> <span class="hidden-xs hidden-sm hidden-md">{{ button_cart }}</span></button>
	{% endif %}
			]]></add>
		</operation>
	</file>
<!-- Работа с МОДУЛЕМ настроек -->
   	<file path="catalog/controller/product/{search,special,manufacturer}.php">
		<operation>
            <search><![CDATA[
			$this->load->model('catalog/product');
			]]></search>
            <add position="after"><![CDATA[
			$data['module_xvrproductquantities_status'] = $this->model_catalog_product->LoadSettingsModul();
			$data['xvr_pm_other_status'] = $this->model_catalog_product->LoadSettingsOther();
			$data['xvr_pm_vminus_status'] = $this->model_catalog_product->LoadSettingsVminus();
			]]></add>
        </operation>  
  	</file>








<!-- КОРЗИНА СТАНДАРТНАЯ-->
	<!-- Добавляем переменные в language после строки 14 -->
	<file path="catalog/language/*/checkout/cart.php">
		<operation>
            <search><![CDATA[
			<?php
			]]></search>
            <add position="after"><![CDATA[
			$_['text_alert_minimum']             = 'МИНИМАЛЬНОЕ количество для заказа: ';
			$_['text_maximum_order']             = 'Максимальное количество для заказа: %s';
			$_['text_alert_maximum_order']       = 'МАКСИМАЛЬНОЕ количество для заказа: ';
			$_['text_order_step']                = 'ВНИМАНИЕ! Данный товар продается кратно: ';
			$_['text_alert_quantity_in_stock']   = 'Остаток на складе: ';
			$_['text_alert_quantity_in_order']   = 'Доступно для заказа: ';
			$_['text_alert_order_step']          = 'Возможен заказ в количестве, кратном шагу партии: ';
			$_['text_alert_oror']                = ' или ';
			$_['text_alert_order_not_available'] = 'Товар отсутствует на складе.<br>Заказ недоступен!';
			$_['text_check_for_number']          = 'Введите ЧИСЛОВОЕ значение количества!';
			]]></add>
        </operation>
	</file>
	<file path="catalog/controller/checkout/cart.php">
		<!-- Добавляем после строки 140 -->
		<operation>
            <search><![CDATA[
			'quantity'  => $product['quantity'],
			]]></search>
            <add position="after"><![CDATA[
			'minimum'           => $product['minimum'],
			'maximum_order'     => $product['maximum_order'],
			'order_step'        => $product['order_step'],
			'quantity_in_stock' => $product['quantity_in_stock'],
			]]></add>
        </operation>
		<!-- Изменяем для применения дробного количества товара -->
		<operation>
			<search><![CDATA[$quantity = (int)$this->request->post['quantity'];]]></search>
			<add position="replace"><![CDATA[$quantity = $this->request->post['quantity'];]]></add>
		</operation>
		<!-- Работа с МОДУЛЕМ настроек -->
		<operation>
            <search><![CDATA[
			'href'      => $this->url->link('product/product', 'product_id=' . $product['product_id'])
			]]></search>
            <add position="after" offset="2"><![CDATA[
			$this->load->model('catalog/product');
			$data['module_xvrproductquantities_status'] = $this->model_catalog_product->LoadSettingsModul();
			$data['xvr_pm_cart_status'] = $this->model_catalog_product->LoadSettingsCart();
			$data['xvr_pm_vminus_status'] = $this->model_catalog_product->LoadSettingsVminus();
			]]></add>
        </operation>  
  	</file>
<!-- Добавляем после строки 248 -->
	<file path="system/library/cart/cart.php">
		<operation>
            <search><![CDATA[
			'minimum'         => $product_query->row['minimum'],
			]]></search>
            <add position="after"><![CDATA[
			'maximum_order'      => $product_query->row['maximum_order'],
			'order_step'         => $product_query->row['order_step'],
			'quantity_in_stock'  => $product_query->row['quantity'],
			]]></add>
        </operation>
		<!-- Изменяем для применения дробного количества товара -->
		<operation>
			<search><![CDATA[(int)$quantity]]></search>
			<add position="replace"><![CDATA[$quantity]]></add>
		</operation>
		<!-- Изменяем для применения дробного количества товара -->
		<!-- Изменяем инфоблок, выводя в нем не сумму количества товаров по каждой позиции, а сумму количества строк заказанных товаров -->
		<operation>
			<search><![CDATA[public function countProducts() {]]></search>
			<add position="replace" offset="10"><![CDATA[public function countProducts() {
		$product_total = 0;
		$i=0;
		$products = $this->getProducts();

		foreach ($products as $product) {
			$product_total += $product['quantity'];
			$i++;
		}
			$product_total = $i;
		return $product_total;
        	}]]></add>
		</operation>
  	</file>
<!-- Изменяем для применения дробного количества товара для добавления в корзину -->
	<file path="catalog/model/checkout/order.php">
	<operation>
		<search><![CDATA[(int)$product['quantity']]]></search>
		<add position="replace"><![CDATA[$product['quantity']]]></add>
	</operation>
	<operation>
		<search><![CDATA[(int)$order_product['quantity']]]></search>
		<add position="replace"><![CDATA[$order_product['quantity']]]></add>
	  </operation>
	</file>
<!-- Изменяем в строке 23 для отображения количества товара в инфоблоке корзины без лишних нулей -->
	<file path="catalog/view/theme/*/template/common/cart.twig">
	<operation>
		<search><![CDATA[
		<td class="text-right">x {{ product.quantity }}</td>
		]]></search>
		<add position="replace"><![CDATA[
		<td class="text-right">x {{ product.quantity|round(3) }}</td>
		]]></add>
	</operation>
	</file>
<!-- Кнопки ПЛЮС / МИНУС в шаблон КОРЗИНЫ -->
	<file path="catalog/view/theme/*/template/checkout/cart.twig">
	  	<!-- Заменяем строку 64 -->
		<operation>
            <search><![CDATA[
			<td class="text-left"><div class="input-group btn-block" style="max-width: 200px;">
			]]></search>
            <add position="replace"><![CDATA[
			<td class="text-left"><div class="input-group btn-block" style="max-width: 70%;">
			]]></add>
        </operation>
	  	<!-- Заменяем строку 65 -->
		<operation>
            <search><![CDATA[
			<input type="text" name="quantity[{{ product.cart_id }}]" value="{{ product.quantity }}" size="1" class="form-control" />
			]]></search>
            <add position="replace"><![CDATA[
	{% if module_xvrproductquantities_status==1 %}
		{% if xvr_pm_cart_status==1 %}
			<div class="input-group number-spinner-XVR number-spinner-XVR-button">
				<input type="text" name="quantity[{{ product.cart_id }}]" class="quantity_input form-control input-quantity-XVR text-center colortext1" value="{{ product.quantity|round(3) }}" id="input-quantity" onkeyup="xvrCheckForCorrectInput2(this);" onblur="xvrCheckForCorrectInputCart(this);" />
				<input type="hidden" name="quantity-validate[{{ product.cart_id }}]" value="{{ product.quantity|round(3) }}" id="input-quantity-validate" />
				<input type="hidden" name="quantity_in_stock" value="{{ product.quantity_in_stock }}" id="input-quantity_in_stock" readonly />
				<input type="hidden" name="minimum" value="{{ product.minimum }}" id="input-minimum" readonly />
				<input type="hidden" name="order_step" value="{{ product.order_step }}" id="input-order_step" readonly />
				<input type="hidden" name="maximum_order" value="{{ product.maximum_order }}" id="input-maximum_order" readonly />
				<input type="hidden" name="text_alert_minimum" value="{{ text_alert_minimum }}" readonly />
				<input type="hidden" name="text_alert_maximum_order" value="{{ text_alert_maximum_order }}" readonly />
				<input type="hidden" name="text_alert_quantity_in_stock" value="{{ text_alert_quantity_in_stock }}" readonly />
				<input type="hidden" name="text_alert_quantity_in_order" value="{{ text_alert_quantity_in_order }}" readonly />
				<input type="hidden" name="text_alert_order_not_available" value="{{ text_alert_order_not_available }}" readonly />
				<input type="hidden" name="text_order_step" value="{{ text_order_step }}" readonly />
				<input type="hidden" name="text_alert_order_step" value="{{ text_alert_order_step }}" readonly />
				<input type="hidden" name="text_alert_oror" value="{{ text_alert_oror }}" readonly />
				<input type="hidden" name="text_check_for_number" value="{{ text_check_for_number }}" readonly />
				<input type="hidden" name="xvr_pm_vminus_status" value="{{ xvr_pm_vminus_status }}" readonly />
				<input type="hidden" name="xvr_product_name" value="{{ product.name }}" readonly />
				<span class="input-group-btn">
					<button type="button" class="btn btn-*" data-dir="dwn"><i class="fa fa-minus"></i></button>
					<button type="button" class="btn btn-*" data-dir="up"><i class="fa fa-plus"></i></button>
				</span>
			</div>
		{% else %}
			<div class="input-group number-spinner-XVR number-spinner-XVR-button">
				<input type="text" name="quantity[{{ product.cart_id }}]" class="quantity_input form-control input-quantity-XVR text-center colortext1" value="{{ product.quantity|round(3) }}" id="input-quantity" onkeyup="xvrCheckForCorrectInput2(this);" onblur="xvrCheckForCorrectInputCart(this);" />
				<input type="hidden" name="quantity-validate[{{ product.cart_id }}]" value="{{ product.quantity|round(3) }}" id="input-quantity-validate" />
				<input type="hidden" name="quantity_in_stock" value="{{ product.quantity_in_stock }}" id="input-quantity_in_stock" readonly />
				<input type="hidden" name="minimum" value="{{ product.minimum }}" id="input-minimum" readonly />
				<input type="hidden" name="order_step" value="{{ product.order_step }}" id="input-order_step" readonly />
				<input type="hidden" name="maximum_order" value="{{ product.maximum_order }}" id="input-maximum_order" readonly />
				<input type="hidden" name="text_alert_minimum" value="{{ text_alert_minimum }}" readonly />
				<input type="hidden" name="text_alert_maximum_order" value="{{ text_alert_maximum_order }}" readonly />
				<input type="hidden" name="text_alert_quantity_in_stock" value="{{ text_alert_quantity_in_stock }}" readonly />
				<input type="hidden" name="text_alert_quantity_in_order" value="{{ text_alert_quantity_in_order }}" readonly />
				<input type="hidden" name="text_alert_order_not_available" value="{{ text_alert_order_not_available }}" readonly />
				<input type="hidden" name="text_order_step" value="{{ text_order_step }}" readonly />
				<input type="hidden" name="text_alert_order_step" value="{{ text_alert_order_step }}" readonly />
				<input type="hidden" name="text_alert_oror" value="{{ text_alert_oror }}" readonly />
				<input type="hidden" name="text_check_for_number" value="{{ text_check_for_number }}" readonly />
				<input type="hidden" name="xvr_pm_vminus_status" value="{{ xvr_pm_vminus_status }}" readonly />
				<input type="hidden" name="xvr_product_name" value="{{ product.name }}" readonly />
			</div>
		{% endif %}
	{% else %}
		<input type="text" name="quantity[{{ product.cart_id }}]" value="{{ product.quantity }}" size="1" class="form-control" />
	{% endif %}
			]]></add>
        </operation>
  	</file>








<!-- КОРЗИНА SIMPLE -->
	<!-- Добавляем переменные в language -->
	<file path="catalog/language/*/checkout/simplecheckout.php">
		<operation>
            <search><![CDATA[
			$_['text_please_confirm']            = 'Заказ не подтвержден и может быть потерян!';
			]]></search>
            <add position="after"><![CDATA[
			$_['text_alert_minimum']             = 'МИНИМАЛЬНОЕ количество для заказа: ';
			$_['text_maximum_order']             = 'Максимальное количество для заказа: %s';
			$_['text_alert_maximum_order']       = 'МАКСИМАЛЬНОЕ количество для заказа: ';
			$_['text_order_step']                = 'ВНИМАНИЕ! Данный товар продается кратно: ';
			$_['text_alert_quantity_in_stock']   = 'Остаток на складе: ';
			$_['text_alert_quantity_in_order']   = 'Доступно для заказа: ';
			$_['text_alert_order_step']          = 'Возможен заказ в количестве, кратном шагу партии: ';
			$_['text_alert_oror']                = ' или ';
			$_['text_alert_order_not_available'] = 'Товар отсутствует на складе.<br>Заказ недоступен!';
			$_['text_check_for_number']          = 'Введите ЧИСЛОВОЕ значение количества!';
			]]></add>
        </operation>
	</file>
	<file path="catalog/controller/checkout/simplecheckout_cart.php">
	<!-- Добавляем после строки 300 -->
		<operation>
            <search><![CDATA[
			'quantity'  => $product['quantity'],
			]]></search>
            <add position="after"><![CDATA[
			'minimum'           => $product['minimum'],
			'maximum_order'     => $product['maximum_order'],
			'order_step'        => $product['order_step'],
			'quantity_in_stock' => $product['quantity_in_stock'],
			]]></add>
        </operation>
	<!-- Работа с МОДУЛЕМ настроек -->
		<operation>
            <search><![CDATA[
			// Gift Voucher
			]]></search>
            <add position="before"><![CDATA[
			$this->load->model('catalog/product');
			$data['module_xvrproductquantities_status'] = $this->model_catalog_product->LoadSettingsModul();
			$data['xvr_pm_cart_status'] = $this->model_catalog_product->LoadSettingsCart();
			$data['xvr_pm_vminus_status'] = $this->model_catalog_product->LoadSettingsVminus();
			]]></add>
        </operation>  
  	</file>
<!-- Кнопки ПЛЮС / МИНУС в шаблон КОРЗИНЫ -->
	<file path="catalog/view/theme/*/template/checkout/simplecheckout_cart.twig">
	  	<!-- Заменяем со строки 75 по строку 90 -->
		<operation>
            <search index="0"><![CDATA[<div class="input-group btn-block" style="max-width: 200px;">]]></search>
            <add position="replace" offset="15"><![CDATA[
			<div class="input-group btn-block number-spinner-XVR number-spinner-XVR-button" style="min-width: 200px;">
				<span class="input-group-btn">
					<button class="btn btn-primary" data-dir="dwn" data-toggle="tooltip" data-onclick="changeProductQuantity" type="button"><i class="fa fa-minus"></i></button>
				</span>
				<input type="text" name="quantity[{{ product.cart_id }}]" class="quantity_input form-control input-quantity-XVR text-center colortext1" value="{{ product.quantity|round(3) }}" id="input-quantity" onkeyup="xvrCheckForCorrectInput2(this);" onblur="xvrCheckForCorrectInputCart(this);" />
				<input type="hidden" name="quantity-validate[{{ product.cart_id }}]" value="{{ product.quantity|round(3) }}" id="input-quantity-validate" />
				<input type="hidden" name="quantity_in_stock" value="{{ product.quantity_in_stock }}" id="input-quantity_in_stock" readonly />
				<input type="hidden" name="minimum" value="{{ product.minimum }}" id="input-minimum" readonly />
				<input type="hidden" name="order_step" value="{{ product.order_step }}" id="input-order_step" readonly />
				<input type="hidden" name="maximum_order" value="{{ product.maximum_order }}" id="input-maximum_order" readonly />
				<input type="hidden" name="text_alert_minimum" value="{{ text_alert_minimum }}" readonly />
				<input type="hidden" name="text_alert_maximum_order" value="{{ text_alert_maximum_order }}" readonly />
				<input type="hidden" name="text_alert_quantity_in_stock" value="{{ text_alert_quantity_in_stock }}" readonly />
				<input type="hidden" name="text_alert_quantity_in_order" value="{{ text_alert_quantity_in_order }}" readonly />
				<input type="hidden" name="text_alert_order_not_available" value="{{ text_alert_order_not_available }}" readonly />
				<input type="hidden" name="text_order_step" value="{{ text_order_step }}" readonly />
				<input type="hidden" name="text_alert_order_step" value="{{ text_alert_order_step }}" readonly />
				<input type="hidden" name="text_alert_oror" value="{{ text_alert_oror }}" readonly />
				<input type="hidden" name="text_check_for_number" value="{{ text_check_for_number }}" readonly />
				<input type="hidden" name="xvr_pm_vminus_status" value="{{ xvr_pm_vminus_status }}" readonly />
				<input type="hidden" name="xvr_product_name" value="{{ product.name }}" readonly />
				<span class="input-group-btn">
					<button class="btn btn-primary" data-dir="up" data-toggle="tooltip" data-onclick="changeProductQuantity" type="button"><i class="fa fa-plus"></i></button>
					<button class="btn btn-danger" data-onclick="removeProduct" data-product-key="{{ product['cart_id'] is not empty ? product['cart_id'] : product['key'] }}" data-toggle="tooltip" type="button"><i class="fa fa-times-circle"></i></button>
				</span>
			</div>
			]]></add>
        </operation>
  	</file>








<!-- Общий скрипт +/- для КАТАЛОГ, АКЦИИ, ХИТ ПРОДАЖ, РЕКОМЕНДУЕМЫЕ, -->
	<!-- Изменение количества при нажатии на ПЛЮС или МИНУС -->
	<file path="catalog/view/theme/*/template/common/footer.twig">
		<operation>
			<search><![CDATA[
			</body>
			]]></search>
            <add position="before"><![CDATA[
			<script type="text/javascript"><!--
				$(document).on('click', '.number-spinner-XVR.number-spinner-XVR-button button', function () {    
					var btn = $(this);
	 				var oldValueXVR = Math.round(parseFloat(btn.closest('.number-spinner-XVR.number-spinner-XVR-button').find('.input-quantity-XVR').val().trim())*1000);
					var newValueXVR = Math.round(parseFloat(btn.closest('.number-spinner-XVR.number-spinner-XVR-button').find('input[name="minimum"]').val().trim())*1000);
					var stepValueXVR = Math.round(parseFloat(btn.closest('.number-spinner-XVR.number-spinner-XVR-button').find('input[name="order_step"]').val().trim())*1000);
					var minValueXVR = Math.round(parseFloat(btn.closest('.number-spinner-XVR.number-spinner-XVR-button').find('input[name="minimum"]').val().trim())*1000);
					var maxValueXVR = Math.round(parseFloat(btn.closest('.number-spinner-XVR.number-spinner-XVR-button').find('input[name="maximum_order"]').val().trim())*1000);
					var quantityInStock = Math.round(parseFloat(btn.closest('.number-spinner-XVR.number-spinner-XVR-button').find('input[name="quantity_in_stock"]').val().trim())*1000);
					var xvrPmVminusStatus = btn.closest('.number-spinner-XVR.number-spinner-XVR-button').find('input[name="xvr_pm_vminus_status"]').val();
					var xvrProductName = btn.closest('.number-spinner-XVR.number-spinner-XVR-button').find('input[name="xvr_product_name"]').val();
					var textAlertMinimum = '{{ text_alert_minimum }}';
					var textAlertMaximumOrder = '{{ text_alert_maximum_order }}';
					var textAlertQuantityInStock = '{{ text_alert_quantity_in_stock }}';
					var textAlertQuantityInOrder = '{{ text_alert_quantity_in_order }}';
					var textAlertOrderNotAvailable = '{{ text_alert_order_not_available }}';
					var textCheckForNumber = '{{ text_check_for_number }}';
					
				if (stepValueXVR == 0) {stepValueXVR = 1*1000;} else {};
				if (maxValueXVR == 0) {maxValueXVR = Infinity;} else {};
				if (quantityInStock < minValueXVR && xvrPmVminusStatus == 1) {oldValueXVR = 0;} else {};
				if (btn.attr('data-dir') == 'up')
				{
					newValueXVR = xvrPlus(oldValueXVR, newValueXVR, stepValueXVR, minValueXVR, maxValueXVR, quantityInStock, textAlertMinimum, textAlertMaximumOrder, textAlertQuantityInStock, textAlertQuantityInOrder, textAlertOrderNotAvailable, textCheckForNumber, xvrPmVminusStatus, xvrProductName);
				} else {
				    if (btn.attr('data-dir') == 'dwn')
				    {
					    newValueXVR = xvrMinus(oldValueXVR, newValueXVR, stepValueXVR, minValueXVR, maxValueXVR, quantityInStock, textAlertMinimum, textAlertMaximumOrder, textAlertQuantityInStock, textAlertQuantityInOrder, textAlertOrderNotAvailable, textCheckForNumber, xvrPmVminusStatus, xvrProductName);
					} else {return;}
				}
				if (newValueXVR != oldValueXVR) {
				btn.closest('.number-spinner-XVR.number-spinner-XVR-button').find('.input-quantity-XVR').val(newValueXVR/1000).change();
				btn.closest('.number-spinner-XVR.number-spinner-XVR-button').find('input[id="input-quantity-validate"]').val(newValueXVR/1000).change();
				} else {
				}
			});
			//--></script>

			<style>
			.alert_warning {overflow:auto; position:absolute; z-index:2019; right:0px; bottom:40px; width:150px; padding:10px; background:#fefefe; background: linear-gradient(to bottom, #fefefe 0%, #f0f0f0 100%); box-shadow: 1px 1px 10px #cccccc; line-height:15px; border:solid 1px #dddddd; border-radius:5px; display:block; white-space: normal; color:#ff0000; font-size:12px;}
			.alert_warning_quantity_in_stock {position:absolute; z-index:2019; right:0px; bottom:40px; width:150px; padding:10px; background:#fefefe; background: linear-gradient(to bottom, #ffff99 0%, #ffff99 100%); box-shadow: 1px 1px 10px #cccccc; line-height:15px; border:solid 1px #dddddd; border-radius:5px; display:block; white-space: normal; color:#ff0000; font-size:12px;}
			.colortext1 {color:#000000;}
			.colortext2 {color:#ff0000;}
			</style>
			
			<script src="catalog/view/javascript/xvrproductquantities.js"></script>
			
			]]></add>
        </operation>
	</file>








<!-- Скрипт проверки введенного вручную количества для КАРТОЧКИ ТОВАРА -->
	<file path="catalog/view/theme/*/template/product/product.twig">
		<operation>
			<search><![CDATA[
			$('#button-cart').on('click', function() {
			]]></search>
            <add position="after"><![CDATA[
	if ('{{ module_xvrproductquantities_status }}'==1) {
		if ('{{ xvr_pm_product_status }}'==1) {
			if (xvrCheckForCorrectInput(this, '{{ product_id }}') == 1) {return;};
		};
	};
			]]></add>
        </operation>
	</file>



</modification>