<?xml version="1.0" encoding="UTF-8"?>
<modification>
	<name>Живой поиск</name>
	<code>LiveSearch</code>	
	<version>3.x</version>
	<author>opencart-3.ru</author>
	<link>https://opencart-3.ru</link>

	<file path="catalog/controller/common/footer.php">
        <operation>
            <search>
               <![CDATA[$this->load->language('common/footer');]]>
            </search>
            <add position="before"><![CDATA[
            	$text_view_all_results = $this->config->get('module_live_search_view_all_results');
            	$data['text_view_all_results'] = $text_view_all_results[$this->config->get('config_language_id')]['name'];
				$data['text_empty'] = 'Ничего не найдено';
                $data['module_live_search_status'] = $this->config->get('module_live_search_status');
                $data['module_live_search_show_image'] = $this->config->get('module_live_search_show_image');
                $data['module_live_search_show_price'] = $this->config->get('module_live_search_show_price');
                $data['module_live_search_show_description'] = $this->config->get('module_live_search_show_description');
                $data['module_live_search_min_length'] = $this->config->get('module_live_search_min_length');
                $data['module_live_search_href'] = $this->url->link('product/search', 'search=');
            ]]>
            </add>
        </operation>
    </file>
    <file path="catalog/view/theme/*/template/common/footer.twig">
        <operation>
            <search>
               <![CDATA[</footer>]]>
            </search>
            <add position="after">
            <![CDATA[
		{% if module_live_search_status %}
			<link rel="stylesheet" type="text/css" href="catalog/view/theme/default/stylesheet/live_search.css" />

			<script type="text/javascript"><!--
				var live_search = {
					selector: '#search input[name=\'search\']',
					text_no_matches: '{{ text_empty }}',
					height: '50px'
				}

				$(document).ready(function() {
					var html = '';
					html += '<div class="live-search">';
					html += '	<ul>';
					html += '	</ul>';
					html += '<div class="result-text"></div>';
					html += '</div>';

					//$(live_search.selector).parent().closest('div').after(html);
					$(live_search.selector).after(html);

					$(live_search.selector).autocomplete({
						'source': function(request, response) {
							var filter_name = $(live_search.selector).val();
							var cat_id = 0;
							var module_live_search_min_length = '{{ module_live_search_min_length|abs }}';
							if (filter_name.length < module_live_search_min_length) {
								$('.live-search').css('display','none');
							}
							else{
								var html = '';
								html += '<li style="text-align: center;height:10px;">';
								html +=	'<img class="loading" src="catalog/view/theme/default/image/loading.gif" />';
								html +=	'</li>';
								$('.live-search ul').html(html);
								$('.live-search').css('display','block');

								$.ajax({
									url: 'index.php?route=extension/module/live_search&filter_name=' +  encodeURIComponent(filter_name),
									dataType: 'json',
									success: function(result) {
										var products = result.products;
										$('.live-search ul li').remove();
										$('.result-text').html('');
										if (!$.isEmptyObject(products)) {
											var show_image = {{ module_live_search_show_image|abs }};
											var show_price = {{ module_live_search_show_price|abs }};
											var show_description = {{ module_live_search_show_description|abs }};
											$('.result-text').html('<a href="{{ module_live_search_href }}'+filter_name+'&description=true" class="view-all-results">{{ text_view_all_results|e }} ('+result.total+')</a>');

											$.each(products, function(index,product) {
												var html = '';

												html += '<li>';
												html += '<a href="' + product.url + '" title="' + product.name + '">';
												if(product.image && show_image){
													html += '	<div class="product-image"><img alt="' + product.name + '" src="' + product.image + '"></div>';
												}
												html += '	<div class="product-name">' + product.name ;
												if(show_description){
													html += '<p>' + product.extra_info + '</p>';
												}
												html += '</div>';
												if(show_price){
													if (product.special) {
														html += '	<div class="product-price"><span class="special">' + product.price + '</span><span class="price">' + product.special + '</span></div>';
													} else {
														html += '	<div class="product-price"><span class="price">' + product.price + '</span></div>';
													}
												}
												html += '<span style="clear:both"></span>';
												html += '</a>';
												html += '</li>';
												$('.live-search ul').append(html);
											});
										} else {
											var html = '';
											html += '<li style="text-align: center;height:10px;">';
											html +=	live_search.text_no_matches;
											html +=	'</li>';

											$('.live-search ul').html(html);
										}
										$('.live-search').css('display','block');
										return false;
									}
								});
							}
						},
						'select': function(product) {
							$(live_search.selector).val(product.name);
						}
					});

					$(document).bind( "mouseup touchend", function(e){
					  var container = $('.live-search');
					  if (!container.is(e.target) && container.has(e.target).length === 0)
					  {
					    container.hide();
					  }
					});
				});
			//--></script>
		{% endif %}
            ]]>
            </add>
        </operation>
    </file>
</modification>