<?xml version="1.0" encoding="UTF-8"?>
<modification>
  <code>AD_Categories_AdminPanel</code>
  <name>Additional Description Categories - AdminPanel</name>
  <version>1.1</version>
  <author>RoS</author>
  <link>https://corgras.github.io/docs/additional_description_categories/</link>
  <file path="admin/controller/catalog/category.php">
	<operation>
	  <search><![CDATA[$this->load->language('catalog/category');]]></search>
	  <add position="after"><![CDATA[
		$this->load->language('catalog/ad_category');
	  ]]></add>
	</operation>
	<operation>
	  <search><![CDATA[$this->load->model('catalog/filter');]]></search>
	  <add position="before"><![CDATA[
		if (isset($this->request->post['read_more_1'])) {
		  $data['read_more_1'] = $this->request->post['read_more_1'];
		} elseif (!empty($category_info)) {
		  $data['read_more_1'] = $category_info['read_more_1'];
		} else {
		  $data['read_more_1'] = 0;
		}
		if (isset($this->request->post['height_box_1'])) {
		  $data['height_box_1'] = $this->request->post['height_box_1'];
		} elseif (!empty($category_info)) {
		  $data['height_box_1'] = $category_info['height_box_1'];
		} else {
		  $data['height_box_1'] = 0;
		}
		if (isset($this->request->post['hide_box_1'])) {
		  $data['hide_box_1'] = $this->request->post['hide_box_1'];
		} elseif (!empty($category_info)) {
		  $data['hide_box_1'] = $category_info['hide_box_1'];
		} else {
		  $data['hide_box_1'] = 0;
		}
		if (isset($this->request->post['bottom_title'])) {
		  $data['bottom_title'] = $this->request->post['bottom_title'];
		} elseif (isset($this->request->get['category_id'])) {
		  $data['bottom_title'] = $this->model_catalog_category->getCategoryDescriptions($this->request->get['category_id']);
		} else {
		  $data['bottom_title'] = array();
		}
		if (isset($this->request->post['bottom_description'])) {
		  $data['bottom_description'] = $this->request->post['bottom_description'];
		} elseif (isset($this->request->get['category_id'])) {
		  $data['bottom_description'] = $this->model_catalog_category->getCategoryDescriptions($this->request->get['category_id']);
		} else {
		  $data['bottom_description'] = array();
		}
		if (isset($this->request->post['read_more_2'])) {
		  $data['read_more_2'] = $this->request->post['read_more_2'];
		} elseif (!empty($category_info)) {
		  $data['read_more_2'] = $category_info['read_more_2'];
		} else {
		  $data['read_more_2'] = 0;
		}
		if (isset($this->request->post['height_box_2'])) {
		  $data['height_box_2'] = $this->request->post['height_box_2'];
		} elseif (!empty($category_info)) {
		  $data['height_box_2'] = $category_info['height_box_2'];
		} else {
		  $data['height_box_2'] = 0;
		}
		if (isset($this->request->post['hide_box_2'])) {
		  $data['hide_box_2'] = $this->request->post['hide_box_2'];
		} elseif (!empty($category_info)) {
		  $data['hide_box_2'] = $category_info['hide_box_2'];
		} else {
		  $data['hide_box_2'] = 0;
		}
	  ]]></add>
	</operation>
  </file>
  <file path="admin/model/catalog/category.php">
	<operation>
	  <search><![CDATA[`top` = '" . (isset($data['top']) ? (int)$data['top'] : 0) . "',]]></search>
	  <add position="replace"><![CDATA[
		`top` = '" . (isset($data['top']) ? (int)$data['top'] : 0) . "', `read_more_1` = '" . (isset($data['read_more_1']) ? (int)$data['read_more_1'] : 0) . "', `hide_box_1` = '" . (isset($data['hide_box_1']) ? (int)$data['hide_box_1'] : 0) . "', `height_box_1` = '" . (isset($data['height_box_1']) ? (int)$data['height_box_1'] : 0) . "', `read_more_2` = '" . (isset($data['read_more_2']) ? (int)$data['read_more_2'] : 0) . "', `hide_box_2` = '" . (isset($data['hide_box_2']) ? (int)$data['hide_box_2'] : 0) . "', `height_box_2` = '" . (isset($data['height_box_2']) ? (int)$data['height_box_2'] : 0) . "',
	  ]]></add>
	</operation>
	<operation>
	  <search><![CDATA[description = '" . $this->db->escape($value['description']) . "',]]></search>
	  <add position="replace"><![CDATA[
		description = '" . $this->db->escape($value['description']) . "', bottom_title = '" . $this->db->escape($value['bottom_title']) . "', bottom_description = '" . $this->db->escape($value['bottom_description']) . "',
	  ]]></add>
	</operation>
	<operation>
	  <search><![CDATA['description'      => $result['description']]]></search>
	  <add position="replace"><![CDATA['description'      => $result['description'],
		'bottom_title'  => $result['bottom_title'],
		'bottom_description'  => $result['bottom_description']
	  ]]></add>
	</operation>
  </file>
  <file path="admin/view/template/catalog/category_form.twig">
	<operation>
	  <search><![CDATA[<label class="col-sm-2 control-label" for="input-meta-title{{ language.language_id }}">{{ entry_meta_title }}</label>]]></search>
	  <add position="before" offset="1"><![CDATA[
		<div class="form-group">
		  <label class="col-sm-2 control-label" for="input-bottom-title{{ language.language_id }}">{{ entry_bottom_title }}</label>
		  <div class="col-sm-10">
			<input type="text" name="category_description[{{ language.language_id }}][bottom_title]" value="{{ category_description[language.language_id] ? category_description[language.language_id].bottom_title }}" placeholder="{{ entry_bottom_title }}" id="input-bottom_title{{ language.language_id }}" class="form-control" />
		  </div>
		</div>	
		<div class="form-group">
		  <label class="col-sm-2 control-label" for="input-bottom-description{{ language.language_id }}"><span data-toggle="tooltip" title="{{ help_bottom_description }}">{{ entry_bottom_description }}</span></label>
		  <div class="col-sm-10">
			<textarea name="category_description[{{ language.language_id }}][bottom_description]" placeholder="{{ entry_bottom_description }}" id="input-bottom-description{{ language.language_id }}" data-toggle="summernote" class="form-control">{{ category_description[language.language_id] ? category_description[language.language_id].bottom_description }}</textarea>
		  </div>
		</div>
	  ]]></add>
	</operation>
	<operation>
	  <search><![CDATA[<div class="tab-pane" id="tab-design">]]></search>
	  <add position="after"><![CDATA[
		<div>
		  <fieldset>
			<legend>{{ entry_description }}</legend>
			  <div class="form-group">
				<label class="col-sm-2 control-label"><span data-toggle="tooltip" title="{{ help_read_more }}">{{ entry_read_more_1 }}</span></label>
				<div class="col-sm-10">
				  <label class="radio-inline">
					{% if (read_more_1) %} 
					  <input type="radio" name="read_more_1" value="1" checked="checked" />
					  {{ text_yes }} 
					{% else %} 
					  <input type="radio" name="read_more_1" value="1" />
					  {{ text_yes }} 
					{% endif %} 
				  </label>
				  <label class="radio-inline">
					{% if (not read_more_1) %} 
					  <input type="radio" name="read_more_1" value="0" checked="checked" />
					  {{ text_no }} 
					{% else %} 
					  <input type="radio" name="read_more_1" value="0" />
					  {{ text_no }} 
					{% endif %} 
				  </label>
				</div>
			  </div>
			  <div class="form-group">
				<label class="col-sm-2 control-label" for="input-height-box-1">{{ entry_height_box_1 }}</label>
				<div class="col-sm-10">
				  <input type="text" name="height_box_1" value="{{ height_box_1 }}" placeholder="{{ entry_height_box_1 }}" id="input-height-box-1" class="form-control" />
				</div>
			  </div>
			  <div class="form-group">
				<label class="col-sm-2 control-label"><span data-toggle="tooltip" title="{{ help_hide_box_1 }}">{{ entry_hide_box_1 }}</span></label>
				<div class="col-sm-10">
				  <label class="radio-inline">
					{% if (hide_box_1) %} 
					  <input type="radio" name="hide_box_1" value="1" checked="checked" />
					  {{ text_yes }} 
					{% else %} 
					  <input type="radio" name="hide_box_1" value="1" />
					  {{ text_yes }} 
					{% endif %} 
				  </label>
				  <label class="radio-inline">
					{% if (not hide_box_1) %} 
					  <input type="radio" name="hide_box_1" value="0" checked="checked" />
					  {{ text_no }} 
					{% else %} 
					  <input type="radio" name="hide_box_1" value="0" />
					  {{ text_no }} 
					{% endif %} 
				  </label>
				</div>
			  </div>
		  </fieldset>
		  <br><br>
		  <fieldset>
			<legend>{{ entry_bottom_description }}</legend>
			  <div class="form-group">
				<label class="col-sm-2 control-label"><span data-toggle="tooltip" title="{{ help_read_more }}">{{ entry_read_more_2 }}</span></label>
				<div class="col-sm-10">
				  <label class="radio-inline">
					{% if (read_more_2) %} 
					  <input type="radio" name="read_more_2" value="1" checked="checked" />
					  {{ text_yes }} 
					{% else %} 
					  <input type="radio" name="read_more_2" value="1" />
					  {{ text_yes }} 
					{% endif %} 
				  </label>
				  <label class="radio-inline">
					{% if (not read_more_2) %} 
					  <input type="radio" name="read_more_2" value="0" checked="checked" />
					  {{ text_no }} 
					{% else %} 
					  <input type="radio" name="read_more_2" value="0" />
					  {{ text_no }} 
					{% endif %} 
				  </label>
				</div>
			  </div>
			  <div class="form-group">
				<label class="col-sm-2 control-label" for="input-height-box-2">{{ entry_height_box_2 }}</label>
				<div class="col-sm-10">
				  <input type="text" name="height_box_2" value="{{ height_box_2 }}" placeholder="{{ entry_height_box_2 }}" id="input-height-box-2" class="form-control" />
				</div>
			  </div>
			  <div class="form-group">
				<label class="col-sm-2 control-label" ><span data-toggle="tooltip" title="{{ help_hide_box_2 }}">{{ entry_hide_box_2 }}</span></label>
				<div class="col-sm-10">
				  <label class="radio-inline">
					{% if (hide_box_2) %} 
					  <input type="radio" name="hide_box_2" value="1" checked="checked" />
					  {{ text_yes }} 
					{% else %} 
					  <input type="radio" name="hide_box_2" value="1" />
					  {{ text_yes }} 
					{% endif %} 
				  </label>
				  <label class="radio-inline">
					{% if (not hide_box_2) %} 
					  <input type="radio" name="hide_box_2" value="0" checked="checked" />
					  {{ text_no }} 
					{% else %} 
					  <input type="radio" name="hide_box_2" value="0" />
					  {{ text_no }} 
					{% endif %} 
				  </label>
				</div>
			  </div>
		  </fieldset>
		</div>
		<br><br>
	  ]]></add>
	</operation>
	<operation>
	  <search index="1"><![CDATA[<script type="text/javascript"><!--]]></search>
	  <add position="before"><![CDATA[
		<script type="text/javascript"><!--
		<?php if ($ckeditor) { ?>
		  <?php foreach ($languages as $language) { ?>
			ckeditorInit('[data-toggle=\'summernote\']', getURLVar('token'));
		  <?php } ?>
		 <?php } else { ?>
			<?php foreach ($languages as $language) { ?>
			  $('[data-toggle=\'summernote\']').summernote({
				height: 300
			  });
			<?php } ?>
		<?php } ?>
		//--></script>
	  ]]></add>
	</operation>
  </file> 
</modification>