<modification>
	<name>Менеджер товаров</name>
	<version>3.0</version>
	<author>opencart3x.ru</author>
	<link>https://opencart3x.ru</link>
	<code>product-manager</code>

	<file path="admin/controller/catalog/product.php">
		<operation>
			<search><![CDATA[
			$this->response->redirect($this->url->link('catalog/product', 'user_token=' . $this->session->data['user_token'] . $url, true));
			]]></search>
			<add position="replace"><![CDATA[
				// $this->response->redirect($this->url->link('catalog/product', 'user_token=' . $this->session->data['user_token'] . $url, true));
				$this->response->redirect($this->url->link('extension/product_extra', 'user_token=' . $this->session->data['user_token'] . $url, true));
			]]></add>
		</operation>
		<operation>
			<search><![CDATA[
			$url .= '&page=' . $this->request->get['page'];
			]]></search>
			<add position="after" offset="1"><![CDATA[
			if (isset($this->request->get['rows'])) {
				$url .= '&rows=' . urlencode($this->request->get['rows']);
			}
			]]></add>
		</operation>
	</file>

	<file path="admin/controller/common/column_left.php">
		<operation error="skip">
			<search><![CDATA[
			if ($this->user->hasPermission('access', 'catalog/recurring')) {
			]]></search>
			<add position="before"><![CDATA[
			if ($this->user->hasPermission('access', 'extension/product_extra')) {
				$catalog[] = array(
					'name'	   => 'Менеджер товаров',
					'href'     => $this->url->link('extension/product_extra', 'user_token=' . $this->session->data['user_token'], true),
					'children' => array()		
				);
			}
			]]></add>
		</operation>
	</file>
		
	<file path="admin/view/template/common/header.twig">
		<operation>
			<search>
				<![CDATA[
</head>
				]]>
			</search>
			<add position="before">
				<![CDATA[
<script type="text/javascript" src="view/javascript/product_extra.js"></script>
{% if (app.request.parameter.get("iframed") == 1) %} 
	<link rel="stylesheet" type="text/css" href="view/stylesheet/product_extra.css" /> 
{% endif %}
				]]>
			</add>
		</operation>
	</file>

	<file path="system/library/template/template.php">
		<operation>
			<search>
				<![CDATA[
$file = DIR_TEMPLATE . $template . '.tpl';
				]]>
			</search>
			<add position="replace">
				<![CDATA[
if (
	defined('DIR_CATALOG') && 
	is_dir(DIR_MODIFICATION . 'admin/view/template/') && 
	is_file(DIR_MODIFICATION . 'admin/view/template/' . $template . '.tpl')
) {	
	$file = DIR_MODIFICATION . 'admin/view/template/' . $template . '.tpl';
} elseif (
	is_dir(DIR_MODIFICATION . 'catalog/view/theme/') &&
	is_file(DIR_MODIFICATION . 'catalog/view/template/' . $template . '.tpl')
) {
	$file = DIR_MODIFICATION . 'catalog/view/template/' . $template . '.tpl';
} else {
	$file = DIR_TEMPLATE . $template . '.tpl';			
}

				]]>
			</add>
		</operation>
	</file>
</modification>