<modification>
	<name>Сопутствующие товары</name>
    <version>3.x</version>
    <link>https://opencart3x.ru</link>
    <author>opencart3x.ru</author>
    <code>Related-Products</code> 	

	<file path="admin/controller/catalog/product.php">
 		<operation error="skip">
            <search position="replace"><![CDATA[$this->model_catalog_product->addProduct($this->request->post);]]></search>
			<add position="replace"><![CDATA[$product_id = $this->model_catalog_product->addProduct($this->request->post);
			if($this->config->get((substr(VERSION,0,3)>='3.0') ? 'module_related_status' : 'related_status')) {
				if(substr(VERSION,0,3)>='3.0' || substr(VERSION,0,3)=='2.3') { 
					$this->load->controller('extension/module/related/saverelatedform' , $product_id);
				} else {
					$this->load->controller('module/related/saverelatedform' , $product_id);
				}
				$this->load->language('catalog/product');
			}]]></add> 
        </operation>
		 
		<operation error="skip">
            <search position="replace"><![CDATA[$this->model_catalog_product->editProduct($this->request->get['product_id'], $this->request->post);]]></search>
			<add position="replace"><![CDATA[$this->model_catalog_product->editProduct($this->request->get['product_id'], $this->request->post);			
 			if($this->config->get((substr(VERSION,0,3)>='3.0') ? 'module_related_status' : 'related_status')) {
				if(substr(VERSION,0,3)>='3.0' || substr(VERSION,0,3)=='2.3') { 
					$this->load->controller('extension/module/related/saverelatedform' , $this->request->get['product_id']);
				} else {
					$this->load->controller('module/related/saverelatedform' , $this->request->get['product_id']);
				}
				$this->load->language('catalog/product');
			}]]></add> 
        </operation>
		 
		<operation error="skip">
            <search position="replace"><![CDATA[protected function getForm() {]]></search>
			<add position="replace"><![CDATA[protected function getForm() {
 			$data['relatedform'] = false;
			if($this->config->get((substr(VERSION,0,3)>='3.0') ? 'module_related_status' : 'related_status')) {
				if(substr(VERSION,0,3)>='3.0' || substr(VERSION,0,3)=='2.3') { 
					$data['relatedform'] = $this->load->controller('extension/module/related/relatedfieldform');	
				} else {
					$data['relatedform'] = $this->load->controller('module/related/relatedfieldform');	
				}
				$this->load->language('catalog/product');
			}]]></add> 
        </operation> 
    </file>
	 
	<!-- admin product form tpl --> 
	<file path="admin/view/template/catalog/product_form.twig"> 
		<operation error="skip">
			<search position="before" offset="1"><![CDATA[<label class="col-sm-2 control-label" for="input-related">]]></search>
			<add position="before" offset="1"><![CDATA[{{ relatedform }}]]></add> 
		</operation>
   	</file> 
	
	<!-- 
	<file path="catalog/controller/product/product.php">
        <operation error="skip">
            <search><![CDATA[if ($product_info) {]]></search>
			<add position="replace"><![CDATA[if ($product_info) {
 			$data['related_module'] = (substr(VERSION,0,3)>='3.0' || substr(VERSION,0,3)=='2.3') ? $this->load->controller('extension/module/related') : $this->load->controller('module/related');]]></add> 
         </operation>
  	</file>  
	<file path="catalog/view/theme/*/template/product/product.twig">
		<operation error="skip">
            <search><![CDATA[{% if tags %}]]></search>
			<add position="before"><![CDATA[{{ related_module }}]]></add> 
        </operation>
  	</file> 
  	-->
</modification>