<?xml version="1.0" encoding="utf-8"?>
<modification>
  <name>HYPER Positions v3</name>
  <code>hyper_positions_free</code>
  <version>3</version>
  <author>AWARO</author>
  <link>https://awaro.ru</link>

  <file path="admin/controller/design/layout.php">
      <operation error="skip">
          <search><![CDATA[if (($this->request->server['REQUEST_METHOD'] == 'POST') && $this->validateForm()) {]]></search>
          <add position="before"><![CDATA[$this->load->model('extension/module/designs/hyper_positions');]]></add>
      </operation>
      <operation error="log">
          <search><![CDATA[$this->model_design_layout->addLayout($this->request->post);]]></search>
          <add position="replace"><![CDATA[
            $layout_id = $this->model_design_layout->addLayout($this->request->post);
            $layout_settings = isset($this->request->post['hyper_positions_width']) ? $this->request->post['hyper_positions_width'] : null;
            $this->model_extension_module_designs_hyper_positions->editPositions($layout_id, $layout_settings);]]></add>
      </operation>
      <operation error="log">
          <search><![CDATA[$this->model_design_layout->editLayout($this->request->get['layout_id'], $this->request->post);]]></search>
          <add position="replace"><![CDATA[
            $layout_settings = isset($this->request->post['hyper_positions_width']) ? $this->request->post['hyper_positions_width'] : null;
            $this->model_extension_module_designs_hyper_positions->editPositions($this->request->get['layout_id'], $layout_settings);
			$this->model_design_layout->editLayout($this->request->get['layout_id'], $this->request->post);]]></add>
      </operation>
      <operation error="skip">
          <search><![CDATA[$data['layout_modules'] = array();]]></search>
          <add position="before"><![CDATA[
			$data['hyper_positions_width'] = $this->model_extension_module_designs_hyper_positions->getPositions($this->request->get['layout_id']);]]></add>
      </operation>
      <operation error="skip">
        <search><![CDATA[if (isset($this->request->post['selected']) && $this->validateDelete()) {]]></search>
        <add position="before"><![CDATA[
			$this->load->model('extension/module/designs/hyper_positions');]]></add>
      </operation>

    <operation error="skip">
        <search><![CDATA[$data['header'] = $this->load->controller('common/header');]]></search>
        <add position="before"><![CDATA[
			$tmp_data = $this->load->controller('extension/module/designs/hyper_positions');
			$data = array_merge($data, $tmp_data);]]></add>
     </operation>
    <operation error="skip">
        <search><![CDATA[$this->response->setOutput($this->load->view('design/layout_form', $data));]]></search>
        <add position="replace"><![CDATA[
			$this->response->setOutput($this->load->view('extension/module/designs/layout_hp_form', $data));]]></add>
     </operation>
  </file>


    <file path="catalog/controller/*/{*}*.php">
        <operation error="skip">
            <search><![CDATA[$data['content_top'] = $this->load->controller('common/content_top');]]></search>
            <add position="before"><![CDATA[$data['hyper_positions_top_content'] = $this->load->controller('extension/designs/hyper_positions_top_content');]]></add>
        </operation>
    </file>
	    <file path="catalog/controller/common/maintenance.php">
      <operation error="skip">
          <search><![CDATA[$data['header'] = $this->load->controller('common/header');]]></search>
          <add position="before"><![CDATA[$data['hyper_positions_top_content'] = $this->load->controller('common/hyper_positions_top_content');
          $data['hyper_positions_bottom_content'] = $this->load->controller('common/hyper_positions_bottom_content');]]></add>
      </operation>
  </file>
    <file path="catalog/controller/common/footer.php">
        <operation error="skip">
            <search><![CDATA[return $this->load->view('common/footer', $data);]]></search>
            <add position="before"><![CDATA[
            $data['hyper_positions_footer_top'] = $this->load->controller('extension/designs/hyper_positions_footer_top');]]></add>
        </operation>
    </file>
  <file path="catalog/view/theme/*/template/*/{*}*.twig">
    <operation error="skip">
        <search><![CDATA[{{ header }}]]></search>
        <add position="after"><![CDATA[{{ hyper_positions_top_content }}]]></add>
    </operation>

  </file>
  <file path="catalog/view/theme/*/template/common/footer.twig">
    <operation error="skip">
        <search><![CDATA[<footer>]]></search>
        <add position="before"><![CDATA[{{ hyper_positions_footer_top }}]]></add>
    </operation>
  </file>
</modification>