<?xml version="1.0" encoding="utf-8"?>
<modification>
	<name>PreOrder</name>
    <code>preorder.ocmod</code>
	<version>1.2.0</version>
	<author>http://seregin-pro.ru/</author>
	<link>http://seregin-pro.ru/</link>
	
	<!-- 3.0.0.0 - 3.0.2.0 -->
	
	<!-- controller -->
	
	<file path="catalog/controller/product/compare.php">
		<operation>
			<search index="0"><![CDATA[
				$this->load->model('catalog/product');
			]]></search>
			<add position="before"><![CDATA[
				$data['preorder_status'] = $this->config->get('module_preorder_status');
				
				if ($this->config->get('module_preorder_status')) {
					$this->load->language('extension/module/preorder');
					$this->document->addScript('catalog/view/javascript/preorder/preorder.js');
					$this->document->addStyle('catalog/view/javascript/preorder/preorder.css');
					
					$data['preorder_button_catalog'] = $this->config->get('module_preorder_button_catalog');
										
					if ($this->config->get('module_preorder_button_type_catalog') == 2) {
						$data['button_preorder'] = '<i class="fa fa-bell"></i> <span class="hidden-xs hidden-sm hidden-md">' . $this->language->get('button_preorder') . '</span>';
					} elseif ($this->config->get('module_preorder_button_type_catalog') == 1) {
						$data['button_preorder'] = $this->language->get('button_preorder');
					} else {
						$data['button_preorder'] = '<i class="fa fa-bell"></i>';
					}
				}
			]]></add>
		</operation>
		<operation>
			<search><![CDATA[
				$data['products'][$product_id] = array(
			]]></search>
			<add position="before"><![CDATA[
				if (!$this->config->get('module_preorder_stock_status_id') || $this->config->get('module_preorder_stock_status_id') == $product_info['stock_status_id']) {
					$preorder_stock_status = true;
				} else {
					$preorder_stock_status = false;
				}
			]]></add>
		</operation>
		<operation>
			<search><![CDATA[
				$data['products'][$product_id] = array(
			]]></search>
			<add position="after"><![CDATA[
				'preorder_stock_status' => $preorder_stock_status,
				'preorder_quantity'     => $product_info['quantity'],
			]]></add>
		</operation>
	</file>
	<file path="catalog/controller/extension/module/featured.php|catalog/controller/account/wishlist.php">
		<operation>
			<search index="0"><![CDATA[
				$this->load->model('catalog/product');
			]]></search>
			<add position="before"><![CDATA[
				$data['preorder_status'] = $this->config->get('module_preorder_status');
				
				if ($this->config->get('module_preorder_status')) {
					$this->load->language('extension/module/preorder');
					$this->document->addScript('catalog/view/javascript/preorder/preorder.js');
					$this->document->addStyle('catalog/view/javascript/preorder/preorder.css');
					
					$data['preorder_button_catalog'] = $this->config->get('module_preorder_button_catalog');
										
					if ($this->config->get('module_preorder_button_type_catalog') == 2) {
						$data['button_preorder'] = '<i class="fa fa-bell"></i> <span class="hidden-xs hidden-sm hidden-md">' . $this->language->get('button_preorder') . '</span>';
					} elseif ($this->config->get('module_preorder_button_type_catalog') == 1) {
						$data['button_preorder'] = $this->language->get('button_preorder');
					} else {
						$data['button_preorder'] = '<i class="fa fa-bell"></i>';
					}
				}
			]]></add>
		</operation>
		<operation>
			<search><![CDATA[
				products'][] = array(
			]]></search>
			<add position="before"><![CDATA[
				if (!$this->config->get('module_preorder_stock_status_id') || $this->config->get('module_preorder_stock_status_id') == $product_info['stock_status_id']) {
					$preorder_stock_status = true;
				} else {
					$preorder_stock_status = false;
				}
			]]></add>
		</operation>
		<operation>
			<search><![CDATA[
				products'][] = array(
			]]></search>
			<add position="after"><![CDATA[
				'preorder_stock_status' => $preorder_stock_status,
				'preorder_quantity'     => $product_info['quantity'],
			]]></add>
		</operation>
	</file>
	<file path="catalog/controller/extension/module/{bestseller.php,latest.php,special.php,alsobuy.php}|catalog/controller/product/{category.php,manufacturer.php,search.php,special.php,product.php}">
		<operation>
			<search index="0"><![CDATA[
				$this->load->model('catalog/product');
			]]></search>
			<add position="before"><![CDATA[
				$data['preorder_status'] = $this->config->get('module_preorder_status');
				
				if ($this->config->get('module_preorder_status')) {
					$this->load->language('extension/module/preorder');
					$this->document->addScript('catalog/view/javascript/preorder/preorder.js');
					$this->document->addStyle('catalog/view/javascript/preorder/preorder.css');
					
					$data['preorder_button_catalog'] = $this->config->get('module_preorder_button_catalog');
										
					if ($this->config->get('module_preorder_button_type_catalog') == 2) {
						$data['button_preorder'] = '<i class="fa fa-bell"></i> <span class="hidden-xs hidden-sm hidden-md">' . $this->language->get('button_preorder') . '</span>';
					} elseif ($this->config->get('module_preorder_button_type_catalog') == 1) {
						$data['button_preorder'] = $this->language->get('button_preorder');
					} else {
						$data['button_preorder'] = '<i class="fa fa-bell"></i>';
					}
				}
			]]></add>
		</operation>
		<operation>
			<search><![CDATA[
				products'][] = array(
			]]></search>
			<add position="before"><![CDATA[
				if (!$this->config->get('module_preorder_stock_status_id') || $this->config->get('module_preorder_stock_status_id') == $result['stock_status_id']) {
					$preorder_stock_status = true;
				} else {
					$preorder_stock_status = false;
				}
			]]></add>
		</operation>
		<operation>
			<search><![CDATA[
				products'][] = array(
			]]></search>
			<add position="after"><![CDATA[
				'preorder_stock_status' => $preorder_stock_status,
				'preorder_quantity'     => $result['quantity'],
			]]></add>
		</operation>
	</file>
	<file path="catalog/controller/extension/module/product_tab.php">
		<operation>
			<search index="0"><![CDATA[
				$this->load->model('catalog/product');
			]]></search>
			<add position="before"><![CDATA[
				$data['preorder_status'] = $this->config->get('module_preorder_status');
				
				if ($this->config->get('module_preorder_status')) {
					$this->load->language('extension/module/preorder');
					$this->document->addScript('catalog/view/javascript/preorder/preorder.js');
					$this->document->addStyle('catalog/view/javascript/preorder/preorder.css');
					
					$data['preorder_button_catalog'] = $this->config->get('module_preorder_button_catalog');
										
					if ($this->config->get('module_preorder_button_type_catalog') == 2) {
						$data['button_preorder'] = '<i class="fa fa-bell"></i> <span class="hidden-xs hidden-sm hidden-md">' . $this->language->get('button_preorder') . '</span>';
					} elseif ($this->config->get('module_preorder_button_type_catalog') == 1) {
						$data['button_preorder'] = $this->language->get('button_preorder');
					} else {
						$data['button_preorder'] = '<i class="fa fa-bell"></i>';
					}
				}
			]]></add>
		</operation>
		<operation>
			<search><![CDATA[
				products'][] = array(
			]]></search>
			<add position="before"><![CDATA[
				if (isset($product_info)) {
					$preorder_result = $product_info;
				} else {
					$preorder_result = $result;
				}
				
				if (!$this->config->get('module_preorder_stock_status_id') || $this->config->get('module_preorder_stock_status_id') == $preorder_result['stock_status_id']) {
					$preorder_stock_status = true;
				} else {
					$preorder_stock_status = false;
				}
			]]></add>
		</operation>
		<operation>
			<search><![CDATA[
				products'][] = array(
			]]></search>
			<add position="after"><![CDATA[
				'preorder_stock_status' => $preorder_stock_status,
				'preorder_quantity'     => $preorder_result['quantity'],
			]]></add>
		</operation>
	</file>
	<file path="catalog/controller/product/product.php">
		<operation>
			<search><![CDATA[
				if ($product_info['quantity'] <= 0) {
			]]></search>
			<add position="before"><![CDATA[
				$data['preorder_button_product'] = $this->config->get('module_preorder_button_product');
				
				if ($this->config->get('module_preorder_status')) {
					$this->load->language('extension/module/preorder');
					$data['preorder_quantity'] = $product_info['quantity'];
					
					if ($this->config->get('module_preorder_button_type_product') == 2) {
						$data['button_preorder'] = '<i class="fa fa-bell"></i> ' . $this->language->get('button_preorder');
					} elseif ($this->config->get('module_preorder_button_type_product') == 1) {
						$data['button_preorder'] = $this->language->get('button_preorder');
					} else {
						$data['button_preorder'] = '<i class="fa fa-bell"></i>';
					}
									
					if (!$this->config->get('module_preorder_stock_status_id') || $this->config->get('module_preorder_stock_status_id') == $product_info['stock_status_id']) {
						$data['preorder_stock_status'] = true;
					} else {
						$data['preorder_stock_status'] = false;
					}
				}
			]]></add>
		</operation>
		<operation>
			<search><![CDATA[!$option_value['subtract'] || ]]></search>
			<add position="replace"><![CDATA[$this->config->get('module_preorder_status') || !$option_value['subtract'] || ]]></add>
		</operation>
	</file>
	<file path="admin/controller/catalog/product.php">
		<operation>
			<search index="1"><![CDATA[
				$this->session->data['success']
			]]></search>
			<add position="before"><![CDATA[
				if ($this->config->get('module_preorder_product')) {
					$this->load->model('extension/module/preorder');
					$this->model_extension_module_preorder->editPreOrderProduct($this->request->get['product_id']);
				}
			]]></add>
		</operation>		
	</file>
	<file path="catalog/controller/extension/captcha/*.php">
		<operation error="skip">
			<search><![CDATA[
				$data['route'] = $this->request->get['route']; 
			]]></search>
			<add position="replace"><![CDATA[
				// Disable error for Home Page
				if (isset($this->request->get['route'])) {
					$data['route'] = $this->request->get['route']; 
				} else {
					$data['route'] = 'common/home';
				}			
			]]></add>
		</operation>
	</file>
	
	<!-- model -->
	
	<file path="catalog/model/catalog/product.php">
		<operation>
			<search><![CDATA[
				'stock_status'     => $query->row['stock_status'],
			]]></search>
			<add position="after"><![CDATA[
				'stock_status_id'  => $query->row['stock_status_id'],		
			]]></add>
		</operation>
	</file>
	
	<!-- view -->
	
	<file path="catalog/view/theme/*/template/extension/module/{bestseller.twig,latest.twig,featured.twig,special.twig,alsobuy.twig}|catalog/view/theme/*/template/product/{category.twig,manufacturer_info.twig,search.twig,special.twig,product.twig}">
	    <operation>
			<search><![CDATA[{% if product.price %}]]></search>
			<add position="before"><![CDATA[
				{% if not module_id is defined %} {% set module_id = '' %} {% endif %}
			]]></add>
		</operation>
		<operation error="skip">
			<search><![CDATA[onclick="cart.add]]></search>
			<add position="replace"><![CDATA[{% if preorder_status and (product.preorder_quantity <= 0) and product.preorder_stock_status %}style="display: none;" {% endif %}{% if preorder_status and module_id  %}id="button-cart{{ module_id }}{{ product.product_id }}" {% endif %}onclick="cart.add]]></add>
		</operation>
		<operation error="skip">
			<search><![CDATA[onclick="cart.add]]></search>
			<add position="before"><![CDATA[
				{% if preorder_status %}
				{% if module_id %}
				<input type="hidden" name="preorder_quantity{{ module_id }}{{ product.product_id }}" value="{{ product.preorder_quantity }}" />
				{% endif %}
				<button type="button" {% if (product.preorder_quantity > 0) or not product.preorder_stock_status %}style="display: none;" {% endif %}{% if module_id %}id="button-preorder{{ module_id }}{{ product.product_id }}" {% endif %}class="{{ preorder_button_catalog }}" onclick="addPreOrder('{{ module_id }}', '{{ product.product_id }}');">{{ button_preorder }}</button>
				{% endif %}
			]]></add>
		</operation>
		<operation error="skip">
			<search><![CDATA[onclick="addToCart]]></search>
			<add position="replace"><![CDATA[{% if preorder_status and (product.preorder_quantity <= 0) and product.preorder_stock_status %}style="display: none;" {% endif %}{% if preorder_status and module_id  %}id="button-cart{{ module_id }}{{ product.product_id }}" {% endif %}onclick="addToCart]]></add>
		</operation>
		<operation error="skip">
			<search><![CDATA[onclick="addToCart]]></search>
			<add position="before"><![CDATA[
				{% if preorder_status %}
				{% if module_id %}
				<input type="hidden" name="preorder_quantity{{ module_id }}{{ product.product_id }}" value="{{ product.preorder_quantity }}" />
				{% endif %}
				<button type="button" {% if (product.preorder_quantity > 0) or not product.preorder_stock_status %}style="display: none;" {% endif %}{% if module_id %}id="button-preorder{{ module_id }}{{ product.product_id }}" {% endif %}class="{{ preorder_button_catalog }}" onclick="addPreOrder('{{ module_id }}', '{{ product.product_id }}');">{{ button_preorder }}</button>
				{% endif %}
			]]></add>
		</operation>
		<operation error="skip">
			<search><![CDATA[onclick="addCartOption]]></search>
			<add position="replace"><![CDATA[{% if preorder_status and (product.preorder_quantity <= 0) and product.preorder_stock_status %}style="display: none;" {% endif %}{% if preorder_status and module_id  %}id="button-cart{{ module_id }}{{ product.product_id }}" {% endif %}onclick="addCartOption]]></add>
		</operation>
		<operation error="skip">
			<search><![CDATA[onclick="addCartOption]]></search>
			<add position="before"><![CDATA[
				{% if preorder_status %}
				{% if module_id %}
				<input type="hidden" name="preorder_quantity{{ module_id }}{{ product.product_id }}" value="{{ product.preorder_quantity }}" />
				{% endif %}
				<button type="button" {% if (product.preorder_quantity > 0) or not product.preorder_stock_status %}style="display: none;" {% endif %}{% if module_id %}id="button-preorder{{ module_id }}{{ product.product_id }}" {% endif %}class="{{ preorder_button_catalog }}" onclick="addPreOrder('{{ module_id }}', '{{ product.product_id }}');">{{ button_preorder }}</button>
				{% endif %}
			]]></add>
		</operation>
	</file>
	<file path="catalog/view/theme/*/template/extension/module/product_tab.twig">
	    <operation>
			<search index="0"><![CDATA[<div]]></search>
			<add position="before"><![CDATA[
				{% if not module_id is defined %} {% set module_id = '' %} {% endif %}
				{% set tab_id = 0 %}
			]]></add>
		</operation>
		<operation>
			<search><![CDATA[{% for product]]></search>
			<add position="before"><![CDATA[
				{% set tab_id = tab_id + 1 %}
			]]></add>
		</operation>
		<operation error="skip">
			<search><![CDATA[onclick="cart.add]]></search>
			<add position="replace"><![CDATA[{% if preorder_status and (product.preorder_quantity <= 0) and product.preorder_stock_status %}style="display: none;" {% endif %}{% if preorder_status and module_id  %}id="button-cart{{ tab_id }}{{ module }}{{ module_id }}{{ product.product_id }}" {% endif %}onclick="cart.add]]></add>
		</operation>
		<operation error="skip">
			<search><![CDATA[onclick="cart.add]]></search>
			<add position="before"><![CDATA[
				{% if preorder_status %}
				{% if module_id %}
				<input type="hidden" name="preorder_quantity{{ tab_id }}{{ module }}{{ module_id }}{{ product.product_id }}" value="{{ product.preorder_quantity }}" />
				{% endif %}
				<button type="button" {% if (product.preorder_quantity > 0) or not product.preorder_stock_status %}style="display: none;" {% endif %}{% if module_id %}id="button-preorder{{ tab_id }}{{ module }}{{ module_id }}{{ product.product_id }}" {% endif %}class="{{ preorder_button_catalog }}" onclick="addPreOrder('{{ tab_id }}{{ module }}{{ module_id }}', '{{ product.product_id }}');">{{ button_preorder }}</button>
				{% endif %}
			]]></add>
		</operation>
		<operation error="skip">
			<search><![CDATA[onclick="addToCart]]></search>
			<add position="replace"><![CDATA[{% if preorder_status and (product.preorder_quantity <= 0) and product.preorder_stock_status %}style="display: none;" {% endif %}{% if preorder_status and module_id  %}id="button-cart{{ tab_id }}{{ module }}{{ module_id }}{{ product.product_id }}" {% endif %}onclick="addToCart]]></add>
		</operation>
		<operation error="skip">
			<search><![CDATA[onclick="addToCart]]></search>
			<add position="before"><![CDATA[
				{% if preorder_status %}
				{% if module_id %}
				<input type="hidden" name="preorder_quantity{{ tab_id }}{{ module }}{{ module_id }}{{ product.product_id }}" value="{{ product.preorder_quantity }}" />
				{% endif %}
				<button type="button" {% if (product.preorder_quantity > 0) or not product.preorder_stock_status %}style="display: none;" {% endif %}{% if module_id %}id="button-preorder{{ tab_id }}{{ module }}{{ module_id }}{{ product.product_id }}" {% endif %}class="{{ preorder_button_catalog }}" onclick="addPreOrder('{{ tab_id }}{{ module }}{{ module_id }}', '{{ product.product_id }}');">{{ button_preorder }}</button>
				{% endif %}
			]]></add>
		</operation>
		<operation error="skip">
			<search><![CDATA[onclick="addCartOption]]></search>
			<add position="replace"><![CDATA[{% if preorder_status and (product.preorder_quantity <= 0) and product.preorder_stock_status %}style="display: none;" {% endif %}{% if preorder_status and module_id  %}id="button-cart{{ tab_id }}{{ module }}{{ module_id }}{{ product.product_id }}" {% endif %}onclick="addCartOption]]></add>
		</operation>
		<operation error="skip">
			<search><![CDATA[onclick="addCartOption]]></search>
			<add position="before"><![CDATA[
				{% if preorder_status %}
				{% if module_id %}
				<input type="hidden" name="preorder_quantity{{ tab_id }}{{ module }}{{ module_id }}{{ product.product_id }}" value="{{ product.preorder_quantity }}" />
				{% endif %}
				<button type="button" {% if (product.preorder_quantity > 0) or not product.preorder_stock_status %}style="display: none;" {% endif %}{% if module_id %}id="button-preorder{{ tab_id }}{{ module }}{{ module_id }}{{ product.product_id }}" {% endif %}class="{{ preorder_button_catalog }}" onclick="addPreOrder('{{ tab_id }}{{ module }}{{ module_id }}', '{{ product.product_id }}');">{{ button_preorder }}</button>
				{% endif %}
			]]></add>
		</operation>
	</file>
	<file path="catalog/view/theme/*/template/product/compare.twig|catalog/view/theme/*/template/account/wishlist.twig">
		<operation>
			<search><![CDATA[onclick="cart.add]]></search>
			<add position="replace"><![CDATA[{% if preorder_status and (product.preorder_quantity <= 0) and product.preorder_stock_status %}style="display: none;" {% endif %}onclick="cart.add]]></add>
		</operation>
		<operation>
			<search><![CDATA[onclick="cart.add]]></search>
			<add position="before"><![CDATA[
				{% if preorder_status %}
				<button type="button" {% if (product.preorder_quantity > 0) or not product.preorder_stock_status %}style="display: none;" {% endif %}class="{{ preorder_button_catalog }}" onclick="addPreOrder('{{ module_id }}', '{{ product.product_id }}');">{{ button_preorder }}</button>
				{% endif %}
			]]></add>
		</operation>
	</file>
	<file path="catalog/view/theme/*/template/product/product.twig">
		<operation>
			<search><![CDATA[id="button-cart"]]></search>
			<add position="replace"><![CDATA[{% if preorder_status and (preorder_quantity <= 0) and preorder_stock_status %} style="display: none;"{% endif %} id="button-cart"]]></add>
		</operation>
		<operation>
			<search><![CDATA[id="button-cart"]]></search>
			<add position="before"><![CDATA[
			    {% if preorder_status %}
				<button {% if (preorder_quantity > 0) or not preorder_stock_status %}style="display: none;" {% endif %}id="button-preorder" type="button" onclick="addPreOrder('', '{{ product_id }}');" class="{{ preorder_button_product }}">{{ button_preorder }}</button>
				{% endif %}
			]]></add>
		</operation>
		<operation>
			<search><![CDATA[{{ footer }}]]></search>
			<add position="before"><![CDATA[
				{% if preorder_status and options and (preorder_quantity > 0) and preorder_stock_status %}
				<script type="text/javascript"><!--
				{% if (autoselect is defined) and autoselect and (option_status is defined) and option_status %}
				$(document).ready(function() {
					$('#product input[type=\'radio\'], #product input[type=\'checkbox\'], #product select').trigger('change');
				});
				{% endif %}
				$('#product input[type=\'radio\'], #product input[type=\'checkbox\'], #product select').on('change', function() {
					changeOptionPreOrder('{{ product_id }}');
				});
				//--></script>
				{% endif %}
			]]></add>
		</operation>
	</file>
	
</modification>