<modification>
    <name>Стикеры на товары</name>
    <version>3.0</version>
    <link>https://opencart3x.ru</link>
    <author>opencart3x.ru</author>
    <code>my_label_pro</code>
    <file path="admin/controller/marketplace/modification.php">
        <operation info="install">
        <search><![CDATA[
        public function index() {
        ]]></search>
        <add position="replace" trim="true"><![CDATA[
        public function index() {
            $this->load->model('catalog/my_label_pro');
            $this->model_catalog_my_label_pro->CreateDB();
        ]]></add>
        </operation>
    </file>
    <file path="admin/controller/common/column_left.php">
        <operation error="skip">
            <search><![CDATA[
            if ($this->user->hasPermission('access', 'catalog/option')) {
            ]]></search>
            <add position="before"><![CDATA[
            $stickers = array();
            
            if ($this->user->hasPermission('access', 'catalog/my_label_pro')) {
                $stickers[] = array(
                    'name'     => 'Менеджер стикеров',
                    'href'     => $this->url->link('catalog/my_label_pro', 'user_token=' . $this->session->data['user_token'], true),
                    'children' => array()   
                );
            }
            
            if ($this->user->hasPermission('access', 'catalog/my_label_to_product')) {
                $stickers[] = array(
                    'name'     => 'Товары со стикерами',
                    'href'     => $this->url->link('catalog/my_label_to_product', 'user_token=' . $this->session->data['user_token'], true),
                    'children' => array()       
                );
            }
            
            if ($stickers) {
                $catalog[] = array(
                    'name'     => 'Стикеры',
                    'href'     => '',
                    'children' => $stickers
                );
            }

            ]]></add>
        </operation>
    </file>  
    <file path="catalog/controller/product/*.php">
        <operation error="skip">
            <search>
                <![CDATA[
                $this->load->model('tool/image');
                ]]>
            </search>
            <add position="after">
                <![CDATA[
                $this->document->addStyle('catalog/view/javascript/mylabelpro/style.css');
                $this->load->model('catalog/my_label_product');
                ]]>
            </add>
        </operation>
        <operation error="skip">
            <search>
                <![CDATA[
                $data['products'][] = array(
                ]]>
            </search>
            <add position="after">
                <![CDATA[
                'labels'   => isset($result['product_id']) ? $this->model_catalog_my_label_product->getProductLabel($result['product_id']) : array(),
                ]]>
            </add>
        </operation>
        <!--product.php-->
        <operation error="skip">
            <search>
                <![CDATA[
                $data['options'] = array();
                ]]>
            </search>
            <add position="before">
                <![CDATA[
                if (isset($product_info['product_id'])) {
                    $data['labels'] = array();
                    $data['labels'] = $this->model_catalog_my_label_product->getProductLabel($product_info['product_id']);
                } elseif (isset($result['product_id'])) {
                    $data['labels'] = array();
                    $data['labels'] = $this->model_catalog_my_label_product->getProductLabel($result['product_id']);
                }
                ]]>
            </add>
        </operation>
    </file>

    <file path="catalog/view/theme/*/template/product/*.twig">
        <operation error="skip">
            <search>
                <![CDATA[<div class="image"]]>
            </search>
            <add position="after">
                <![CDATA[
                {% if product.labels %}
                    {% for label in product.labels %}
                        <div class="{{ label.position }}"><img src="{{ HTTPS_SERVER~'image/'~label.image }}"></div>
                    {% endfor %}
                {% endif %}
                ]]>
            </add>
        </operation>
        <!--product.twig-->
        <operation  error="skip">
            <search>
                <![CDATA[<ul class="thumbnails">]]>
            </search>
            <add position="before">
                <![CDATA[
                {% if labels %}
                {% for label in labels %}
                <div class="{{ label.position }}"><img src="{{ HTTPS_SERVER~'image/'~label.image }}"></div>
                {% endfor %}
                {% endif %}
                ]]>
            </add>
        </operation>
        <operation  error="skip">
            <search>
                <![CDATA[<div class="thumbnails">]]>
            </search>
            <add position="after">
                <![CDATA[
                {% if labels %}
                {% for label in labels %}
                <div class="{{ label.position }}"><img src="{{ HTTPS_SERVER~'image/'~label.image }}"></div>
                {% endfor %}
                {% endif %}
                ]]>
            </add>
        </operation>
        <operation  error="skip">
            <search>
                <![CDATA[<div class="product-gallery">]]>
            </search>
            <add position="replace">
                <![CDATA[
                <div class="product-gallery">
                {% if labels %}
                {% for label in labels %}
                <div class="{{ label.position }}"><img src="{{ HTTPS_SERVER~'image/'~label.image }}"></div>
                {% endfor %}
                {% endif %}
                ]]>
            </add>
        </operation>
    </file>

    <file path="catalog/controller/extension/module/*.php">
        <operation error="skip">
            <search>
                <![CDATA[
                public function index($setting) {
                ]]>
            </search>
            <add position="after">
                <![CDATA[
                $this->document->addStyle('catalog/view/javascript/mylabelpro/style.css');
                $this->load->model('catalog/my_label_product');
                ]]>
            </add>
        </operation>
        <operation error="skip">
            <search>
                <![CDATA[
                public function index() {
                ]]>
            </search>
            <add position="after">
                <![CDATA[
                $this->document->addStyle('catalog/view/javascript/mylabelpro/style.css');
                $this->load->model('catalog/my_label_product');
                ]]>
            </add>
        </operation>
        <operation error="skip">
            <search>
                <![CDATA[
                if ($results) {
                ]]>
            </search>
            <add position="before">
                <![CDATA[
                $this->document->addStyle('catalog/view/javascript/mylabelpro/style.css');
                $this->load->model('catalog/my_label_product');
                ]]>
            </add>
        </operation>
        <operation error="skip">
            <search>
                <![CDATA[
                if ($product_info) {
                ]]>
            </search>
            <add position="before">
                <![CDATA[
                $this->document->addStyle('catalog/view/javascript/mylabelpro/style.css');
                $this->load->model('catalog/my_label_product');
                ]]>
            </add>
        </operation>
        <operation error="skip">
            <search>
                <![CDATA[
                'name'        => $result['name'],
                ]]>
            </search>
            <add position="after">
                <![CDATA[
                'labels'   => $this->model_catalog_my_label_product->getProductLabel($result['product_id']),
                ]]>
            </add>
        </operation>
        <operation error="skip">
            <search>
                <![CDATA[
                'name'        => $product_info['name'],
                ]]>
            </search>
            <add position="after">
                <![CDATA[
                'labels'   => $this->model_catalog_my_label_product->getProductLabel($product_info['product_id']),
                ]]>
            </add>
        </operation>
        <operation error="skip">
            <search>
                <![CDATA[
                'name'              => $result['name'],
                ]]>
            </search>
            <add position="after">
                <![CDATA[
                'labels'   => $this->model_catalog_my_label_product->getProductLabel($result['product_id']),
                ]]>
            </add>
        </operation>
        <operation error="skip">
            <search>
                <![CDATA[
                'name'              => $product_info['name'],
                ]]>
            </search>
            <add position="after">
                <![CDATA[
                'labels'   => $this->model_catalog_my_label_product->getProductLabel($product_info['product_id']),
                ]]>
            </add>
        </operation>
    </file>

    <file path="catalog/view/theme/*/template/extension/module/*.twig">
        <operation error="skip">
            <search>
                <![CDATA[<div class="image"]]>
            </search>
            <add position="after">
                <![CDATA[
                {% if product.labels %}
                    {% for label in product.labels %}
                        <div class="{{ label.position }}"><img src="{{ HTTPS_SERVER~'image/'~label.image }}"></div>
                    {% endfor %}
                {% endif %}
                ]]>
            </add>
        </operation>
    </file>
  
    <file path="catalog/view/theme/*/template/extension/module/quickviewpro.twig">
        <operation error="skip">
            <search>
                <![CDATA[<div class="thumbnails-image">]]>
            </search>
            <add position="replace">
                <![CDATA[
                <div class="thumbnails-image">
                {% if labels %}
                    {% for label in labels %}
                        <div class="{{ label.position }}"><img src="{{ HTTPS_SERVER~'image/'~label.image }}"></div>
                    {% endfor %}
                {% endif %}
                ]]>
            </add>
        </operation>
    </file>

    <file path="catalog/view/theme/*/template/extension/module/oclayerednavigation/{occategory,occategoryfilter}.twig">
        <operation error="skip">
            <search>
                <![CDATA[<div class="image">]]>
            </search>
            <add position="replace">
                <![CDATA[
                <div class="image">
                {% if product.labels %}
                    {% for label in product.labels %}
                        <div class="{{ label.position }}"><img src="{{ HTTPS_SERVER~'image/'~label.image }}"></div>
                    {% endfor %}
                {% endif %}
                ]]>
            </add>
        </operation>
    </file>
  
    <file path="catalog/view/theme/*/template/revolution/{revslider,revviewed_products,revp}.twig">
        <operation error="skip">
            <search>
                <![CDATA[<div class="image">]]>
            </search>
            <add position="replace">
                <![CDATA[
                <div class="image">
                {% if product.labels %}
                    {% for label in product.labels %}
                        <div class="{{ label.position }}"><img src="{{ HTTPS_SERVER~'image/'~label.image }}"></div>
                    {% endfor %}
                {% endif %}
                ]]>
            </add>
        </operation>
    </file>
    <file path="catalog/controller/revolution/revslider.php">
        <operation error="skip">
            <search>
                <![CDATA[
                $this->language->load('revolution/revslider');
                ]]>
            </search>
            <add position="before">
                <![CDATA[
                $this->document->addStyle('catalog/view/javascript/mylabelpro/style.css');
                ]]>
            </add>
        </operation>
        <operation error="skip">
            <search>
                <![CDATA[
                $this->load->model('tool/image');
                ]]>
            </search>
            <add position="after">
                <![CDATA[
                $this->load->model('catalog/my_label_product');
                ]]>
            </add>
        </operation>
        <operation error="skip">
            <search>
                <![CDATA[
                'rating' => $rating,
                ]]>
            </search>
            <add position="after">
                <![CDATA[
                'labels'   => $labels,
                ]]>
            </add>
        </operation>
        <operation error="skip">
            <search>
                <![CDATA[
                if ($product_info) {
                ]]>
            </search>
            <add position="after">
                <![CDATA[
                $labels = array();
                $labels = $this->model_catalog_my_label_product->getProductLabel($product_info['product_id']);
                ]]>
            </add>
        </operation>
        <operation error="skip">
            <search>
                <![CDATA[
                foreach ($products as $product) {
                ]]>
            </search>
            <add position="after">
                <![CDATA[
                $labels = array();
                $labels = $this->model_catalog_my_label_product->getProductLabel($product['product_id']);
                ]]>
            </add>
        </operation>
    </file>
  
    <file path="catalog/controller/revolution/revviewed_products.php">
        <operation error="skip">
            <search>
                <![CDATA[
                $this->load->language('revolution/revolution');
                ]]>
            </search>
            <add position="before">
                <![CDATA[
                $this->document->addStyle('catalog/view/javascript/mylabelpro/style.css');
                ]]>
            </add>
        </operation>
        <operation error="skip">
            <search>
                <![CDATA[
                $this->load->model('tool/image');
                ]]>
            </search>
            <add position="after">
                <![CDATA[
                $this->load->model('catalog/my_label_product');
                ]]>
            </add>
        </operation>
        <operation error="skip">
            <search>
                <![CDATA[
                'rating'      => $rating,
                ]]>
            </search>
            <add position="after">
                <![CDATA[
                'labels'   => $labels,
                ]]>
            </add>
        </operation>
        <operation error="skip">
            <search>
                <![CDATA[
                if ($product_info and $product_id != $product_id2) {
                ]]>
            </search>
            <add position="after">
                <![CDATA[
                $labels = array();
                $labels = $this->model_catalog_my_label_product->getProductLabel($product_info['product_id']);
                ]]>
            </add>
        </operation>
    </file>
  
    <file path="catalog/controller/revolution/revpbest.php">
        <operation error="skip">
            <search>
                <![CDATA[
                $this->load->language('revolution/revpbest');
                ]]>
            </search>
            <add position="before">
                <![CDATA[
                $this->document->addStyle('catalog/view/javascript/mylabelpro/style.css');
                ]]>
            </add>
        </operation>
        <operation error="skip">
            <search>
                <![CDATA[
                $this->load->model('tool/image');
                ]]>
            </search>
            <add position="after">
                <![CDATA[
                $this->load->model('catalog/my_label_product');
                ]]>
            </add>
        </operation>
        <operation error="skip">
            <search>
                <![CDATA[
                'rating'      => $result['rating'],
                ]]>
            </search>
            <add position="after">
                <![CDATA[
                'labels'   => $labels,
                ]]>
            </add>
        </operation>
        <operation error="skip">
            <search>
                <![CDATA[
               foreach ($results as $result) {
                ]]>
            </search>
            <add position="after">
                <![CDATA[
                $labels = array();
                $labels = $this->model_catalog_my_label_product->getProductLabel($result['product_id']);
                ]]>
            </add>
        </operation>
    </file>

</modification>