<modification>
	<name>Варианты товаров</name>
    <version>3.X</version>
    <link>https://opencart3x.ru</link>
    <author>opencart3x.ru</author>
    <code>Product-Variants</code> 	

	<file path="admin/controller/catalog/product.php">
 		<operation error="skip">
            <search position="replace"><![CDATA[$this->model_catalog_product->addProduct($this->request->post);]]></search>
			<add position="replace"><![CDATA[$product_id = $this->model_catalog_product->addProduct($this->request->post);
			if($this->config->get((substr(VERSION,0,3)>='3.0') ? 'module_prodvar_status' : 'prodvar_status')) {
				if(substr(VERSION,0,3)>='3.0' || substr(VERSION,0,3)=='2.3') { 
					$this->load->controller('extension/module/prodvar/saveprodvarform' , $product_id);
				} else {
					$this->load->controller('module/prodvar/saveprodvarform' , $product_id);
				}
				$this->load->language('catalog/product');
			}]]></add> 
        </operation>
		 
		<operation error="skip">
            <search position="replace"><![CDATA[$this->model_catalog_product->editProduct($this->request->get['product_id'], $this->request->post);]]></search>
			<add position="replace"><![CDATA[$this->model_catalog_product->editProduct($this->request->get['product_id'], $this->request->post);			
 			if($this->config->get((substr(VERSION,0,3)>='3.0') ? 'module_prodvar_status' : 'prodvar_status')) {
				if(substr(VERSION,0,3)>='3.0' || substr(VERSION,0,3)=='2.3') { 
					$this->load->controller('extension/module/prodvar/saveprodvarform' , $this->request->get['product_id']);
				} else {
					$this->load->controller('module/prodvar/saveprodvarform' , $this->request->get['product_id']);
				}
				$this->load->language('catalog/product');
			}]]></add> 
        </operation>
		 
		<operation error="skip">
            <search position="replace"><![CDATA[protected function getForm() {]]></search>
			<add position="replace"><![CDATA[protected function getForm() {
 			$data['prodvarform'] = false;
			if($this->config->get((substr(VERSION,0,3)>='3.0') ? 'module_prodvar_status' : 'prodvar_status')) {
				if(substr(VERSION,0,3)>='3.0' || substr(VERSION,0,3)=='2.3') { 
					$data['prodvarform'] = $this->load->controller('extension/module/prodvar/prodvarfieldform');	
				} else {
					$data['prodvarform'] = $this->load->controller('module/prodvar/prodvarfieldform');	
				}
				$this->load->language('catalog/product');
			}]]></add> 
        </operation> 
    </file>
	 
	<!-- admin product form tpl --> 
	<file path="admin/view/template/catalog/product_form.twig"> 
		<operation error="skip">
			<search position="before" offset="1"><![CDATA[<label class="col-sm-2 control-label" for="input-related">]]></search>
			<add position="before" offset="1"><![CDATA[{{ prodvarform }}]]></add> 
		</operation>
   	</file> 
	
	<!-- front end start -->
	<file path="catalog/controller/product/product.php">
        <operation error="skip">
            <search position="replace"><![CDATA[if ($product_info) {]]></search>
			<add position="replace"><![CDATA[if ($product_info) {
 			$data['prodvar_module'] = (substr(VERSION,0,3)>='3.0' || substr(VERSION,0,3)=='2.3') ? $this->load->controller('extension/module/prodvar') : $this->load->controller('module/prodvar');]]></add> 
         </operation>
  	</file>  
	
	<!-- inside product folder all tpl -->
	<file path="catalog/view/theme/*/template/product/product.twig">
		<operation error="skip">
            <search position="replace"><![CDATA[<div id="product">]]></search>
			<add position="replace"><![CDATA[{{ prodvar_module }} <div id="product">]]></add> 
        </operation>
  	</file> 
</modification>