<modification>
	<name>Customer Group Price</name>
	<version>3.0</version>
	<code>customer_group_price</code>
	<author>oc3x.ru</author>
	<link>https://oc3x.ru</link>
	
	<file path="admin/controller/catalog/product.php">
		<operation>
			<search index="0"><![CDATA[$data['product_relateds'] = array();]]></search>
			<add position="after"><![CDATA[
			//BOF Customer Group Price
			$this->load->language('extension/module/cgp');
			$this->setDataLang($data, 'entry_customer_group_price');
			$this->setDataLang($data, 'entry_customer_group_discount');
			$this->setDataLang($data, 'entry_customer_group_special');
			$this->setDataLang($data, 'text_customer_group_price_help');
			
			if (isset($this->request->post['customer_group_discounts'])) {
				$data['customer_group_prices'] = $this->request->post['customer_group_discounts'];
			} else {
				if(isset($data['product_discounts']))
				{
					$data['customer_group_discounts'] = $this->getCustomerGroupPrices($data['product_discounts'], $data['customer_groups']);
				}
				else
					$data['customer_group_discounts'] = array();
			}
			
			if (isset($this->request->post['customer_group_specials'])) {
				$data['customer_group_specials'] = $this->request->post['customer_group_specials'];
			} else {
				if(isset($data['product_specials']))
				{
					$data['customer_group_specials'] = $this->getCustomerGroupPrices($data['product_specials'], $data['customer_groups']);
				}
				else
					$data['customer_group_specials'] = array();
			}
			
			if(isset($data['product_discounts']))
			{
				$temp = $data['product_discounts'];
				$data['product_discounts'] = array();
				
				foreach($temp as $id => $product_discount)
				{
					if((int)$product_discount['quantity'] == 1
					&& (int)$product_discount['priority'] == 999
					&& ($product_discount['date_start'] == '' || $product_discount['date_start'] == '0000-00-00')
					&& ($product_discount['date_end'] == '' || $product_discount['date_end'] == '0000-00-00'))
					{
						//skip this discount
					}
					else
					{
						$data['product_discounts'][] = $product_discount;
					}
				}
			}
			
			if(isset($data['product_specials']))
			{
				$temp = $data['product_specials'];
				$data['product_specials'] = array();
				
				foreach($temp as $id => $product_special)
				{
					if((int)$product_special['priority'] == 999
					&& ($product_special['date_start'] == '' || $product_special['date_start'] == '0000-00-00')
					&& ($product_special['date_end'] == '' || $product_special['date_end'] == '0000-00-00'))
					{
						//skip this discount
					}
					else
					{
						$data['product_specials'][] = $product_special;
					}
				}
			}
			//EOF Customer Group Price]]></add>
		</operation>
		<operation>
			<search index="0"><![CDATA[public function]]></search>
			<add position="before"><![CDATA[
			//BOF Customer Group Price
			private function getCustomerGroupPrices($product_prices, $customer_groups)
			{
				$customer_group_prices = array();
				
				foreach($customer_groups as $customer_group)
				{
					$customer_group_prices[] = array(
						'customer_group_id'	=> $customer_group['customer_group_id'],
						'name' => $customer_group['name'],
						'price' => $this->getCustomerGroupPrice($product_prices, $customer_group['customer_group_id'])
					);
				}
				
				return $customer_group_prices;
			}
			
			private function getCustomerGroupPrice($product_prices, $customer_group_id)
			{
				foreach($product_prices as $product_price)
				{
					if($product_price['customer_group_id'] == $customer_group_id					
					&& (int)$product_price['priority'] == 999
					&& ($product_price['date_start'] == '0000-00-00' || $product_price['date_start'] == '')
					&& ($product_price['date_end'] == '0000-00-00' || $product_price['date_end'] == ''))
					{
						return $product_price['price'];
					}
				}
				
				return '';
			}
			//EOF Customer Group Price]]></add>
		</operation>
	</file>
	<file path="admin/model/catalog/product.php">
		<operation>
			<search><![CDATA[if (isset($data['product_discount']))]]></search>
			<add position="before"><![CDATA[//BOF Customer Group Price
			//remove product_discount with priority 999
			if(isset($data['customer_group_discount']))
			{
				if(isset($data['product_discount']))
				{
					$temp = $data['product_discount'];
					$data['product_discount'] = array();
					
					foreach($temp as $id => $product_discount)
					{
						if((int)$product_discount['quantity'] == 1
						&& (int)$product_discount['priority'] == 999
						&& ($product_discount['date_start'] == '' || $product_discount['date_start'] == '0000-00-00')
						&& ($product_discount['date_end'] == '' || $product_discount['date_end'] == '0000-00-00'))
						{
							//skip this discount
						}
						else
						{
							$data['product_discount'][] = $product_discount;
						}
					}
				}
				else
				{
					$data['product_discount'] = array();
				}
			
				//add product discount using customer_group_discount data
				foreach($data['customer_group_discount'] as $customer_group_discount)
				{
					if(is_numeric($customer_group_discount['price']))
						$data['product_discount'][] = array
						(
							'customer_group_id'	=> $customer_group_discount['customer_group_id'],
							'quantity' => 1,
							'priority' => 999,
							'price' => $customer_group_discount['price'],
							'date_start' => '',
							'date_end' => '',
							'points' => 0,
							'points_special' => 0
						);
				}
			}
			
			//remove product_special with priority 999
			if(isset($data['customer_group_special']))
			{
				if(isset($data['product_special']))
				{
					$temp = $data['product_special'];
					$data['product_special'] = array();
					
					foreach($temp as $id => $product_special)
					{
						if((int)$product_special['priority'] == 999
						&& ($product_special['date_start'] == '' || $product_special['date_start'] == '0000-00-00')
						&& ($product_special['date_end'] == '' || $product_special['date_end'] == '0000-00-00'))
						{
							//skip this discount
						}
						else
						{
							$data['product_special'][] = $product_special;
						}
					}
				}
				else
				{
					$data['product_special'] = array();
				}
			
				//add product special using customer_group_special data
				foreach($data['customer_group_special'] as $customer_group_special)
				{
					if(is_numeric($customer_group_special['price']))
						$data['product_special'][] = array
						(
							'customer_group_id'	=> $customer_group_special['customer_group_id'],
							'priority' => 999,
							'price' => $customer_group_special['price'],
							'date_start' => '',
							'date_end' => '',
							'points' => 0,
							'points_special' => 0
						);
				}
			}
			//EOF Customer Group Price]]></add>
		</operation>
	</file>
	<file path="admin/view/template/catalog/product_form.twig">
		<operation>
			<search index="1"><![CDATA["input-price"]]></search>
			<add position="after" offset="2"><![CDATA[<!--BOF Customer Group Price-->
			<div class="form-group">
                <label class="col-sm-2 control-label">
					<span data-toggle="tooltip" title="{{ text_customer_group_price_help }}">{{ entry_customer_group_price }}</span>
				</label>
                <div class="col-sm-10">
					<div class="table-responsive">
						<table class="table table-bordered table-hover">
						  <thead>
							<tr>
							  <td class="text-left">{{ entry_customer_group }}</td>
							  <td class="text-left">{{ entry_customer_group_discount }}</td>
							  <td class="text-left">{{ entry_customer_group_special }}</td>
							</tr>
						  </thead>
						  <tbody>							
							{% set cgp_row = 0 %} 
							{% for customer_group_discount in customer_group_discounts %} 
							<tr>
							  <td class="text-left">{{ customer_group_discount["name"] }}</td>
							  <td class="text-center">
								<input type="text" name="customer_group_discount[{{ cgp_row }}][price]" value="{{ customer_group_discount["price"] }}" class="form-control" />
								<input type="hidden" name="customer_group_discount[{{ cgp_row }}][customer_group_id]" value="{{ customer_group_discount["customer_group_id"] }}" />
								<input type="hidden" name="customer_group_discount[{{ cgp_row }}][name]" value="{{ customer_group_discount["name"] }}" />
							  </td>
							  <td class="text-center">						
								<input type="text" name="customer_group_special[{{ cgp_row }}][price]" value="{{ customer_group_specials[cgp_row]["price"] }}" class="form-control" />
								<input type="hidden" name="customer_group_special[{{ cgp_row }}][customer_group_id]" value="{{ customer_group_specials[cgp_row]["customer_group_id"] }}" />
								<input type="hidden" name="customer_group_special[{{ cgp_row }}][name]" value="{{ customer_group_specials[cgp_row]["name"] }}" />
							  </td>
							</tr>
							{% set cgp_row = cgp_row + 1 %} 
							{% endfor %} 
						  </tbody>
						</table>
					</div>
                </div>
		    </div>
			<!--EOF Customer Group Price-->]]></add>
		</operation>
	</file>
	<file path="catalog/controller/product/product.php">
		<operation error="log">
			<search index="0,1" error="log"><![CDATA[$this->response->setOutput(]]></search>
			<add position="before"><![CDATA[
			//BOF Customer Group Price
			$cgp_display_multiple_prices = false;
			$cgp_display_multiple_prices = $this->config->get('cgp_display_multiple_prices');
			
			if ($cgp_display_multiple_prices && (($this->config->get('config_customer_price') && $this->customer->isLogged()) || !$this->config->get('config_customer_price'))) {
				$this->load->model('extension/module/cgp');
				$this->load->language('extension/module/cgp');
			
				$data['other_customer_group_prices'] = array();				
				
				$product_id = $this->request->get['product_id'];
				
				if ($this->customer->isLogged()) {
					$customer_group_id = $this->customer->getGroupId();
				} else {
					$customer_group_id = $this->config->get('config_customer_group_id');
				}
				
				$other_customer_group_prices = $this->model_extension_module_cgp->getOtherCustomerGroupPrices($product_id, $customer_group_id);
				
				foreach($other_customer_group_prices as &$other_customer_group_price)
				{
					//if no special or price set then use default group's special or price
					if(!$other_customer_group_price['price'])
					{
						if(!$data['special'])
							$other_customer_group_price['price'] = $data['special'];
						else if(!$data['price'])
							$other_customer_group_price['price'] = $data['price'];
					}
					
					$other_customer_group_price['price'] = $this->currency->format($this->tax->calculate($other_customer_group_price['price'], $product_info['tax_class_id'], $this->config->get('config_tax')),$this->session->data['currency']);
				}
				$data['other_customer_group_prices'] = $other_customer_group_prices;
				$data['text_price_for_others'] = $this->language->get('text_price_for_others');
			} else {
				$data['other_customer_group_prices'] = false;
				$data['text_your_price'] = $this->language->get('text_price');
			}
			//EOF Customer Group Price]]></add>
		</operation>
	</file>
	<file path="catalog/view/theme/*/template/product/product.twig">
		<operation error="log">
			<search index="0" error="log"><![CDATA[<div id="product">]]></search>
			<add position="before"><![CDATA[
			<!--BOF Customer Group Price-->
			{% if (other_customer_group_prices) %} 
				<link rel="stylesheet" type="text/css" href="catalog/view/theme/default/stylesheet/cgp.css" />
				<div class="price cgp-wrapper">
					<h2>{{ text_price_for_others }}</h2>
					{% for other_customer_group_price in other_customer_group_prices %} 
						<span class="cgp-group-name" 
						style="{% if (other_customer_group_price['use_custom_style'] and other_customer_group_price['apply_style_to_name']) %} {{ 'color:' ~ other_customer_group_price['text_color'] }} {% endif %}">
							{{ other_customer_group_price['name'] }}:
						</span>
						<span class="cgp-group-price" style="{% if (other_customer_group_price['use_custom_style'] and other_customer_group_price['apply_style_to_text']) %} {{ 'color:' ~ other_customer_group_price['text_color'] }} {% endif %}">
							{{ other_customer_group_price['price'] }} 
						</span>
						<br/>
					{% endfor %} 
				</div><br/>
			{% endif %} 
			<!--EOF Customer Group Price-->]]></add>
		</operation>
	</file>
  	<file path="system/engine/controller.php">
		<operation error="log">
			<search error="log" index="0"><![CDATA[function]]></search>
			<add position="before"><![CDATA[
			protected function setDataLang(&$data, $field_name)
			{
				$data[$field_name] = $this->language->get($field_name);
			}
			
			protected function setData(&$data, $field_name, $default_value)
			{
				$data[$field_name] = $this->getData($field_name, $default_value);
			}
			
			protected function getData($field_name, $default_value)
			{
				if (isset($this->request->post[$field_name]))
				{
					return $this->request->post[$field_name];
				}
				elseif ($this->config->has($field_name))
				{ 
					return $this->config->get($field_name);
				}
				
				return $default_value;
			}			
	
			protected function getDataImage($field_name, $width, $height)
			{
				if (isset($this->request->post[$field_name]) && file_exists(DIR_IMAGE . $this->request->post[$field_name]))
				{
					return $this->model_tool_image->resize($this->request->post[$field_name], $width, $height);
				}
				elseif ($this->config->has($field_name))
				{ 
					return $this->model_tool_image->resize($this->config->get($field_name), $width, $height);
				}
				else
				{
					return $this->model_tool_image->resize('no_image.jpg', $width, $height);
				}
			}
			]]></add>
		</operation>
	</file>
</modification>