<modification>
	<name>Discount and Special Percent</name>
	<code>discount_special_percent.ocmod</code>
	<author>https://prowebber.ru</author>
	<version>2.0.2</version>
	<link>https://prowebber.ru</link>
	<file path="admin/controller/catalog/product.php">
		<operation>
			<search><![CDATA['price'             => $product_discount['price'],]]></search>
			<add position="after"><![CDATA[
				'percent'             => ($data['price'] - $product_discount['price']) / ($data['price'] / 100),
			]]></add>
		</operation>
		<operation>
			<search><![CDATA['price'             => $product_special['price'],]]></search>
			<add position="after"><![CDATA[
				'percent'             => ($data['price'] - $product_special['price']) / ($data['price'] / 100),
			]]></add>
		</operation>
		<operation>
			<search><![CDATA[$data['header']]]></search>
			<add position="before"><![CDATA[
				$data['ds_save'] = $this->config->get('config_ds_save');
			]]></add>
		</operation>
		<operation>
			<search index="0"><![CDATA[$special =]]></search>
			<add position="before"><![CDATA[
				$special_percent = false;
			]]></add>
		</operation>
		<operation>
			<search index="1"><![CDATA[$special =]]></search>
			<add position="before"><![CDATA[
				$special_percent = ($result['price'] - $product_special['price']) / ($result['price'] / 100);
			]]></add>
		</operation>
		<operation>
			<search><![CDATA[products'][] = array(]]></search>
			<add position="after"><![CDATA[
				'special_percent'    => (float)$special_percent,
			]]></add>
		</operation>
	</file>
	<file path="admin/controller/setting/setting.php">
		<operation>
			<search><![CDATA[
				$data['heading_title'] = $this->language->get('heading_title');
			]]></search>
			<add position="after"><![CDATA[
				$data['entry_ds_save'] = $this->language->get('entry_ds_save');
				$data['text_ds_percent'] = $this->language->get('text_ds_percent');
				$data['help_ds_save'] = $this->language->get('help_ds_save');
			]]></add>
		</operation>
		<operation>
			<search><![CDATA[$data['header'] = $this->load->controller('common/header');]]></search>
			<add position="before"><![CDATA[
				if (isset($this->request->post['config_ds_save'])) {
					$data['config_ds_save'] = $this->request->post['config_ds_save'];
				} else {
					$data['config_ds_save'] = $this->config->get('config_ds_save');
				}
			]]></add>
		</operation>
	</file>
	<file path="admin/view/template/catalog/product_list.tpl">
		<operation>
			<search><![CDATA[<?php echo $product['special']; ?>]]></search>
			<add position="replace"><![CDATA[<?php echo $product['special']; ?> <span class="label label-danger">-<?php echo $product['special_percent']; ?>%</span>]]></add>
		</operation>
	</file>
	<file path="admin/view/template/catalog/product_form.tpl">
		<operation>
			<search><![CDATA[id="input-price"]]></search>
			<add position="replace"><![CDATA[id="input-price" onkeyup="updatePrice();"]]></add>
		</operation>
		<operation>
			<search index="1"><![CDATA[
				<td colspan="6"></td>
			]]></search>
			<add position="replace"><![CDATA[
				<td colspan="7"></td>
			]]></add>
		</operation>
		<operation>
			<search index="1,2"><![CDATA[
				 <td class="text-right"><?php echo $entry_price; ?></td>
			]]></search>
			<add position="before"><![CDATA[
				<td class="text-right"><?php echo $text_percent; ?></td>
			]]></add>
		</operation>
		<operation>
			<search><![CDATA[value="<?php echo $product_discount['price']; ?>"]]></search>
			<add position="replace"><![CDATA[onkeyup="setPercent(<?php echo $discount_row; ?>, 'product_discount');" value="<?php echo $product_discount['price']; ?>"]]></add>
		</operation>
		<operation>
			<search><![CDATA[value="<?php echo $product_discount['price']; ?>"]]></search>
			<add position="before"><![CDATA[
				<td class="text-right"><input type="text" name="product_discount[<?php echo $discount_row; ?>][percent]" value="<?php echo $product_discount['percent']; ?>" placeholder="<?php echo $text_percent; ?>" class="form-control" onkeyup="setPrice(<?php echo $discount_row; ?>, 'product_discount');" /></td>
			]]></add>
		</operation>
		<operation>
			<search><![CDATA[name="product_discount[' + discount_row + '][price]"]]></search>
			<add position="replace"><![CDATA[name="product_discount[' + discount_row + '][price]" onkeyup="setPercent(' + discount_row + ', \'product_discount\');"]]></add>
		</operation>
		<operation>
			<search><![CDATA[
				html += '  <td class="text-right"><input type="text" name="product_discount[' + discount_row + '][price]"
			]]></search>
			<add position="before"><![CDATA[
				html += '  <td class="text-right"><input type="text" name="product_discount[' + discount_row + '][percent]" value="" placeholder="<?php echo $text_percent; ?>" class="form-control" onkeyup="setPrice(' + discount_row + ', \'product_discount\');" /></td>';
			]]></add>
		</operation>
		<operation>
			<search><![CDATA[
				<td colspan="5"></td>
			]]></search>
			<add position="replace"><![CDATA[
				<td colspan="6"></td>
			]]></add>
		</operation>
		<operation>
			<search><![CDATA[value="<?php echo $product_special['price']; ?>"]]></search>
			<add position="replace"><![CDATA[onkeyup="setPercent(<?php echo $special_row; ?>, 'product_special');" value="<?php echo $product_special['price']; ?>"]]></add>
		</operation>
		<operation>
			<search><![CDATA[
				value="<?php echo $product_special['price']; ?>"
			]]></search>
			<add position="before"><![CDATA[
				<td class="text-right"><input type="text" name="product_special[<?php echo $special_row; ?>][percent]" value="<?php echo $product_special['percent']; ?>" placeholder="<?php echo $text_percent; ?>" class="form-control" onkeyup="setPrice(<?php echo $special_row; ?>, 'product_special');" /></td>
			]]></add>
		</operation>
		<operation>
			<search><![CDATA[name="product_special[' + special_row + '][price]"]]></search>
			<add position="replace"><![CDATA[name="product_special[' + special_row + '][price]" onkeyup="setPercent(' + special_row + ', \'product_special\');"]]></add>
		</operation>
		<operation>
			<search><![CDATA[
				html += '  <td class="text-right"><input type="text" name="product_special[' + special_row + '][price]"
			]]></search>
			<add position="before"><![CDATA[
				html += '  <td class="text-right"><input type="text" name="product_special[' + special_row + '][percent]" value="" placeholder="<?php echo $text_percent; ?>" class="form-control" onkeyup="setPrice(' + special_row + ', \'product_special\');" /></td>';
			]]></add>
		</operation>
		<operation>
			<search><![CDATA[<?php echo $entry_price; ?>" class="form-control"]]></search>
			<add position="replace"><![CDATA[<?php echo $entry_price; ?>" class="form-control"]]></add>
		</operation>
		<operation>
			<search index="0"><![CDATA[
				<script type="text/javascript"><!--
			]]></search>
			<add position="before"><![CDATA[
				<script type="text/javascript"><!--
					function updatePrice() {
						var price = $('input[name=\'price\']').val();
						
						if ($('#special select').length > 0) {
							for (var s = 0; s < $('#special select').length; s++) {
								<?php if (!$ds_save) { ?>
								var s_percent = $('input[name=\'product_special\[' + s + '\]\[percent\]\']').val();
								var s_price = price - (price / 100) * s_percent;
								$('input[name=\'product_special\[' + s + '\]\[price\]\']').val(s_price);
								<?php } else { ?>
								var s_price = $('input[name=\'product_special\[' + s + '\]\[price\]\']').val();
								var s_percent = (price - s_price) / (price / 100);
								$('input[name=\'product_special\[' + s + '\]\[percent\]\']').val(s_percent);
								<?php } ?>
							}
						}
						
						if ($('#discount select').length > 0) {
							for (var d = 0; d < $('#discount select').length; d++) {
								<?php if (!$ds_save) { ?>
								var d_percent = $('input[name=\'product_discount\[' + d + '\]\[percent\]\']').val();
								var d_price = price - (price / 100) * d_percent;
								$('input[name=\'product_discount\[' + d + '\]\[price\]\']').val(d_price);
								<?php } else { ?>
								var d_price = $('input[name=\'product_discount\[' + d + '\]\[price\]\']').val();
								var d_percent = (price - d_price) / (price / 100);
								$('input[name=\'product_discount\[' + d + '\]\[percent\]\']').val(d_percent);
								<?php } ?>
							}
						}
					}
					
					function setPrice(row, name) {
						var price = $('input[name=\'price\']').val();
						var percent = $('input[name=\'' + name + '\[' + row + '\]\[percent\]\']').val();
						result_price = price - (price / 100) * percent;
						$('input[name=\'' + name + '\[' + row + '\]\[price\]\']').val(result_price);
					}
					
					function setPercent(row, name) {
						var price = $('input[name=\'price\']').val();
						var ds_price = $('input[name=\'' + name + '\[' + row + '\]\[price\]\']').val();
						result_percent = (price - ds_price) / (price / 100);
						$('input[name=\'' + name + '\[' + row + '\]\[percent\]\']').val(result_percent);
					}
				//--></script>
			]]></add>
		</operation>
	</file>
	<file path="admin/view/template/setting/setting.tpl">
		<operation>
			<search><![CDATA[
				<div class="tab-pane" id="tab-option">
			]]></search>
			<add position="after"><![CDATA[
			    <fieldset>
                  <legend><?php echo $text_ds_percent; ?></legend>
				  <div class="form-group">
				    <label class="col-sm-2 control-label" for="input-ds-save"><span data-toggle="tooltip" title="<?php echo $help_ds_save; ?>"><?php echo $entry_ds_save; ?></span></label>
                    <div class="col-sm-10">
					  <select name="config_ds_save" id="input-ds-save" class="form-control">
						<?php if ($config_ds_save) { ?>
						<option value="1" selected="selected"><?php echo $text_yes; ?></option>
						<option value="0"><?php echo $text_no; ?></option>
						<?php } else { ?>
						<option value="1"><?php echo $text_yes; ?></option>
						<option value="0" selected="selected"><?php echo $text_no; ?></option>
						<?php } ?>
					  </select>
					</div>
                  </div>
				</fieldset>
			]]></add>
		</operation>		
	</file>
	<file path="admin/language/english/setting/setting.php">
		<operation>
			<search><![CDATA[
				// Text
			]]></search>
			<add position="after"><![CDATA[
				$_['text_ds_percent'] 	    	= 'Discount and Special percent';
				$_['entry_ds_save'] 	    	= 'Change percent';
				$_['help_ds_save'] 	    		= 'Set Yes to change the base price, the percentage of the stock and the rebates changed. Set No so that when the basic price changes, the interest on the stock and the discount remain the same.';
			]]></add>
		</operation>		
	</file>
	<file path="admin/language/russian/setting/setting.php">
		<operation>
			<search><![CDATA[
				// Text
			]]></search>
			<add position="after"><![CDATA[
				$_['text_ds_percent'] 	    	= 'Скидки и Акции в процентах';
				$_['entry_ds_save'] 	    	= 'Изменять процент';
				$_['help_ds_save'] 	    		= 'Установите Да, чтобы при изменении основной цены, процент по акции и скидки изменялся. Установите Нет, чтобы при изменении основной цены, процент по акции и скидки оставался прежним.';
			]]></add>
		</operation>		
	</file>
	
</modification>