<?xml version="1.0" encoding="UTF-8"?>
<modification>
	<name>Additional Images Carousel</name>
	<version>2X</version>
	<code>imagescarousel</code>
	<author>Jade Agile</author>
	<file path="catalog/controller/product/product.php">
		<operation>
			<search><![CDATA[$this->load->language('product/product');]]></search>
			<add position="after"><![CDATA[
			$this->document->addStyle('catalog/view/javascript/jquery/owl-carousel/owl.carousel.css');
			$this->document->addScript('catalog/view/javascript/jquery/owl-carousel/owl.carousel.min.js');
			]]></add>
		</operation>
	</file>
	<file path="catalog/view/theme/*/template/product/product.twig">
		<operation>
			<search><![CDATA[{% if images %}]]></search>
			<add position="after"><![CDATA[<div id="additional-carousel" class="owl-carousel">]]></add>
		</operation>
		<operation>
			<search><![CDATA[{% for image in images %}]]></search>
			<add position="after"><![CDATA[<div class="item text-center">]]></add>
		</operation>
		<operation>
			<search><![CDATA[<div class="item text-center">]]></search>
			<add position="after" offset="1"><![CDATA[</div>]]></add>
		</operation>
		<operation>
			<search><![CDATA[<div class="item text-center">]]></search>
			<add position="after" offset="3"><![CDATA[</div>]]></add>
		</operation>
		<operation>
			<search><![CDATA[{{ footer }}]]></search>
			<add position="before"><![CDATA[
				<script type="text/javascript"><!--
				$('#additional-carousel').owlCarousel({
				  items: 5,
				  autoPlay: false,
				  navigation: true,
				  navigationText: ['<i class="fa fa-chevron-left fa-5x"></i>', '<i class="fa fa-chevron-right fa-5x"></i>'],
				  pagination: false
				});
				//--></script>
				<style type="text/css">
					#additional-carousel{
					  overflow: hidden;
					}
					#additional-carousel .owl-wrapper-outer{
					  border-radius: 0;
					  border:none;
					  margin-left: 20px;
					  box-shadow: none;
					}
					#additional-carousel .image-additional{
					  width: 85%;
					  max-width: 100%;
					  margin: 0;
					}
					</style>
			]]></add>
		</operation>

	</file>	
</modification>