<modification>
	<name>Sticker</name>
	<code>sticker.ocmod</code>
	<author>http://seregin-pro.ru/</author>
	<version>3.3.0</version>
	<link>http://seregin-pro.ru/</link>
	
	<!-- 3.0.0.0 - 3.0.3.1 -->

	<!-- controller -->
	
	<file path="catalog/controller/extension/module/featured_product.php">
		<operation>
			<search index="0"><![CDATA[
				$this->load->model('catalog/product');
			]]></search>
			<add position="before"><![CDATA[
				if ($this->config->get('module_sticker_status')) {
					$data['sticker_position'] = $this->config->get('module_sticker_position');
					$data['sticker_type'] = $this->config->get('module_sticker_type');
					
					$this->load->model('extension/module/sticker');
					$this->document->addStyle('catalog/view/theme/default/stylesheet/sticker.css');
				}
			]]></add>
		</operation>
		<operation>
			<search><![CDATA[
				products'][] = array(
			]]></search>
			<add position="after"><![CDATA[
				'sticker_catalog' => $this->config->get('module_sticker_status') ? $this->model_extension_module_sticker->getProductSticker($product) : false,
			]]></add>
		</operation>		
	</file>
	<file path="catalog/controller/extension/module/featured.php">
		<operation>
			<search index="0"><![CDATA[
				$this->load->model('catalog/product');
			]]></search>
			<add position="before"><![CDATA[
				if ($this->config->get('module_sticker_status')) {
					$data['sticker_position'] = $this->config->get('module_sticker_position');
					$data['sticker_type'] = $this->config->get('module_sticker_type');
					
					$this->load->model('extension/module/sticker');
					$this->document->addStyle('catalog/view/theme/default/stylesheet/sticker.css');
				}
			]]></add>
		</operation>
		<operation>
			<search><![CDATA[
				products'][] = array(
			]]></search>
			<add position="after"><![CDATA[
				'sticker_catalog' => $this->config->get('module_sticker_status') ? $this->model_extension_module_sticker->getProductSticker($product_info) : false,
			]]></add>
		</operation>		
	</file>
	<file path="catalog/controller/extension/module/product_tab.php">
		<operation>
			<search index="0"><![CDATA[
				$this->load->model('catalog/product');
			]]></search>
			<add position="before"><![CDATA[
				if ($this->config->get('module_sticker_status')) {
					$data['sticker_position'] = $this->config->get('module_sticker_position');
					$data['sticker_type'] = $this->config->get('module_sticker_type');
					
					$this->load->model('extension/module/sticker');
					$this->document->addStyle('catalog/view/theme/default/stylesheet/sticker.css');
				}
			]]></add>
		</operation>
		<operation>
			<search><![CDATA[
				products'][] = array(
			]]></search>
			<add position="before"><![CDATA[
				if (isset($product_info)) {
					$result_sticker = $product_info;
				} else {
					$result_sticker = $result;
				}
			]]></add>
		</operation>
		<operation>
			<search><![CDATA[
				products'][] = array(
			]]></search>
			<add position="after"><![CDATA[
				'sticker_catalog' => $this->config->get('module_sticker_status') ? $this->model_extension_module_sticker->getProductSticker($result_sticker) : false,
			]]></add>
		</operation>		
	</file>
	<file path="catalog/controller/extension/module/{bestseller.php,latest.php,special.php,alsobuy.php}|catalog/controller/product/{category.php,manufacturer.php,search.php,special.php}">
		<operation>
			<search index="0"><![CDATA[
				$this->load->model('catalog/product');
			]]></search>
			<add position="before"><![CDATA[
				if ($this->config->get('module_sticker_status')) {
					$data['sticker_position'] = $this->config->get('module_sticker_position');
					$data['sticker_type'] = $this->config->get('module_sticker_type');
					
					$this->load->model('extension/module/sticker');
					$this->document->addStyle('catalog/view/theme/default/stylesheet/sticker.css');
				}
			]]></add>
		</operation>
		<operation>
			<search><![CDATA[
				products'][] = array(
			]]></search>
			<add position="after"><![CDATA[
				'sticker_catalog' => $this->config->get('module_sticker_status') ? $this->model_extension_module_sticker->getProductSticker($result) : false,
			]]></add>
		</operation>	
	</file>
	<file path="catalog/controller/product/product.php">
		<operation>
			<search index="0"><![CDATA[
				$this->load->model('catalog/product');
			]]></search>
			<add position="before"><![CDATA[
				if ($this->config->get('module_sticker_status')) {
					$data['sticker_position'] = $this->config->get('module_sticker_position');
					$data['sticker_type'] = $this->config->get('module_sticker_type');
					
					$this->load->model('extension/module/sticker');
					$this->document->addStyle('catalog/view/theme/default/stylesheet/sticker.css');
				}
			]]></add>
		</operation>
		<operation>
			<search><![CDATA[
				$discounts =
			]]></search>
			<add position="before"><![CDATA[
				$data['sticker_product'] = $this->config->get('module_sticker_status') ? $this->model_extension_module_sticker->getProductSticker($product_info) : false;
			]]></add>
		</operation>
		<operation>
			<search><![CDATA[
				products'][] = array(
			]]></search>
			<add position="after"><![CDATA[
				'sticker_catalog' => $this->config->get('module_sticker_status') ? $this->model_extension_module_sticker->getProductSticker($result) : false,
			]]></add>
		</operation>
	</file>
	<file path="admin/controller/catalog/product.php">
		<operation>
			<search><![CDATA[
				$data['text_form']
			]]></search>
			<add position="before"><![CDATA[
				$this->load->language('catalog/sticker');
				$data['tab_sticker'] = $this->language->get('tab_sticker');
			]]></add>
		</operation>
		<operation>
			<search><![CDATA[
				if (isset($this->request->post['product_reward']
			]]></search>
			<add position="before"><![CDATA[
				$data['language_id'] = $this->config->get('config_language_id');
				$data['sticker_custom_list'] = $this->config->get('module_sticker_custom');
				
				if (isset($this->request->post['sticker_custom'])) {
					$data['sticker_custom'] = $this->request->post['sticker_custom'];
				} elseif (!empty($product_info) && $product_info['sticker_custom']) {
					$data['sticker_custom'] = unserialize($product_info['sticker_custom']);
				} else {
					$data['sticker_custom'] = array();
				}
			]]></add>
		</operation>
	</file>
	
	<!-- model -->
	
	<file path="admin/model/catalog/product.php">
		<operation>
			<search><![CDATA[model = '" . $this->db->escape($data['model']) . "',]]></search>
			<add position="replace"><![CDATA[model = '" . $this->db->escape($data['model']) . "', sticker_custom = '" . $this->db->escape(serialize($data['sticker_custom'])) . "',]]></add>
		</operation>
	</file>
	<file path="catalog/model/catalog/product.php">
		<operation>
			<search><![CDATA[public function getProduct($product_id) {]]></search>
			<add position="after"><![CDATA[
				$sticker_bestseller = $this->config->get('module_sticker_bestseller');
			
				if ($this->config->get('module_sticker_status') && $sticker_bestseller['status'] && $sticker_bestseller['sale']) {
					$bestseller_sql = "(SELECT SUM(op.quantity) FROM " . DB_PREFIX . "order_product op LEFT JOIN `" . DB_PREFIX . "order` o ON (op.order_id = o.order_id) LEFT JOIN " . DB_PREFIX . "product_to_store p2s ON (op.product_id = p2s.product_id) WHERE op.product_id = p.product_id AND o.order_status_id > '0' AND p.status = '1' AND p.date_available <= NOW() AND p2s.store_id = '" . (int)$this->config->get('config_store_id') . "' GROUP BY op.product_id LIMIT 1) AS sticker_bestseller, ";
				} else {
					$bestseller_sql = '';
				}
			]]></add>
		</operation>
		<operation>
			<search index="0"><![CDATA[(SELECT AVG(rating) AS total]]></search>
			<add position="replace"><![CDATA[" . $bestseller_sql . "(SELECT AVG(rating) AS total]]></add>
		</operation>
		<operation>
			<search><![CDATA[
				'product_id'       => $query->row['product_id'],
			]]></search>
			<add position="after"><![CDATA[
				'sticker_custom'     => $query->row['sticker_custom'],
				'sticker_bestseller' => isset($query->row['sticker_bestseller']) ? $query->row['sticker_bestseller'] : '',
			]]></add>
		</operation>
	</file>
	
	<!-- view -->
	
	<file path="catalog/view/theme/*/template/extension/module/{featured_product.twig,product_tab.twig,featured.twig,bestseller.twig,latest.twig,special.twig,alsobuy.twig}|catalog/view/theme/*/template/product/{product.twig,category.twig,manufacturer_info.twig,search.twig,special.twig}">
		<operation>
			<search><![CDATA[
				{% if product.price %}
			]]></search>
			<add position="before"><![CDATA[
			    {% if product.sticker_catalog %}
				<div class="sticker-catalog sticker-{{ sticker_type }} sticker-{{ sticker_position }}">
				  {% set break = true %}
				  {% for sticker in product.sticker_catalog if break %}
				  <div class="{{ sticker.class }}"{{ sticker.image }}>
					<div>{{ sticker.name }}</div>
				  </div>
				  {% if sticker_type == 'diagonal' %} {% set break = false %} {% endif %}
				  {% endfor %}
				</div>
				{% endif %}
			]]></add>
		</operation>		
	</file>
	<file path="catalog/view/theme/*/template/product/product.twig">
		<operation>
			<search index="0"><![CDATA[{% if thumb %}]]></search>
			<add position="before"><![CDATA[
			    {% if sticker_product %}
				<div class="sticker-product sticker-{{ sticker_type }} sticker-{{ sticker_position }}">
				  {% set break = true %}
				  {% for sticker in sticker_product if break %}
				  <div class="{{ sticker.class }}"{{ sticker.image }}>
					<div>{{ sticker.name }}</div>
				  </div>
				  {% if sticker_type == 'diagonal' %} {% set break = false %} {% endif %}
				  {% endfor %}
				</div>
				{% endif %}
			]]></add>
		</operation>		
	</file>
	<file path="admin/view/template/catalog/product_form.twig">
		<operation>
			<search><![CDATA[
				<li><a href="#tab-reward" data-toggle="tab">{{ tab_reward }}</a></li>
			]]></search>
			<add position="before"><![CDATA[
				{% if sticker_custom_list %}
				<li><a href="#tab-sticker" data-toggle="tab">{{ tab_sticker }}</a></li>
				{% endif %}
			]]></add>
		</operation>
		<operation>
			<search><![CDATA[
				<div class="tab-pane" id="tab-reward"
			]]></search>
			<add position="before"><![CDATA[
			    {% if sticker_custom_list %}
			    <div class="tab-pane" id="tab-sticker">
				  {% for key, custom in sticker_custom_list %}
				  {% if custom.status %}
			      <div class="form-group">
                    <label class="col-sm-2 control-label">{{ custom[language_id]['name'] }}</label>
                    <div class="col-sm-10">
                      <select name="sticker_custom[{{ key }}][status]" class="form-control">
						{% if sticker_custom[key]['status'] %}
						<option value="1" selected="selected">{{ text_enabled }}</option>
						<option value="0">{{ text_disabled }}</option>
						{% else %}
						<option value="1">{{ text_enabled }}</option>
						<option value="0" selected="selected">{{ text_disabled }}</option>
						{% endif %}
					  </select>
                    </div>
                  </div>
				  {% endif %}
				  {% endfor %}
				</div>
				{% else %}
				<input type="hidden" value="" name="sticker_custom" />
				{% endif %}
			]]></add>
		</operation>		
	</file>
	
</modification>