<?xml version="1.0" encoding="utf-8"?>
<modification>
    <code>shoputils_antispam_contact</code>
    <name>Антиспам формы обратной связи и антирегистрация ботов</name>
    <version>2.0.2</version>
    <author>Shoputils (https://opencart.market)</author>
    <link>https://opencart.market</link>

    <!-- revolution/account/revregister.php - Revolution Theme -->
    <file path="catalog/controller/{account/register,revolution/account/revregister}.php">
        <operation error="skip">
            <search><![CDATA[if (isset($this->request->post['agree'])) {]]></search>
            <add position="before"><![CDATA[
              //Shoputils.Antispam Begin
              $this->load->model('extension/module/shoputils_antispam');
              $this->model_extension_module_shoputils_antispam->setCookie('registr');
              //Shoputils.Antispam End
            ]]></add>
        </operation>
        <operation error="skip">
            <search><![CDATA[function validate() {]]></search>
            <add position="after"><![CDATA[
              //Shoputils.Antispam Begin
              $this->load->model('extension/module/shoputils_antispam');
              $this->model_extension_module_shoputils_antispam->validateRegistr();
              //Shoputils.Antispam End
          ]]></add>
        </operation>
    </file>

    <file path="catalog/controller/account/simpleregister.php">
        <operation error="skip"><!-- SimpleCheckout 4.9.2  -->
            <search><![CDATA[if ($this->_templateData['display_agreement_checkbox']) {]]></search>
            <add position="before"><![CDATA[
              //Shoputils.Antispam Begin
              $this->load->model('extension/module/shoputils_antispam');
              $this->model_extension_module_shoputils_antispam->setCookie('registr');
              //Shoputils.Antispam End
            ]]></add>
        </operation>
        <operation error="skip">
            <search><![CDATA[$error = false;]]></search>
            <add position="after"><![CDATA[
              //Shoputils.Antispam Begin
              $this->load->model('extension/module/shoputils_antispam');
              $this->model_extension_module_shoputils_antispam->validateRegistr();
              //Shoputils.Antispam End
          ]]></add>
        </operation>
    </file>

    <file path="catalog/controller/affiliate/register.php">
        <operation error="skip">
            <search><![CDATA[if (isset($this->request->post['agree'])) {]]></search>
            <add position="before"><![CDATA[
              //Shoputils.Antispam Begin
              $this->load->model('extension/module/shoputils_antispam');
              $this->model_extension_module_shoputils_antispam->setCookie('affiliate');
              //Shoputils.Antispam End
            ]]></add>
        </operation>
        <operation error="skip">
            <search><![CDATA[function validate() {]]></search>
            <add position="after"><![CDATA[
              //Shoputils.Antispam Begin
              $this->load->model('extension/module/shoputils_antispam');
              $this->model_extension_module_shoputils_antispam->validateRegistr();
              //Shoputils.Antispam End
          ]]></add>
        </operation>
    </file>

    <file path="catalog/controller/information/contact.php">
        <operation error="skip">
            <search><![CDATA[$data['action']]]></search>
            <add position="before"><![CDATA[
              //Shoputils.Antispam Begin
              $this->load->model('extension/module/shoputils_antispam');
              $this->model_extension_module_shoputils_antispam->setCookie();
              //Shoputils.Antispam End
            ]]></add>
        </operation>
        <operation error="skip">
            <search><![CDATA[protected function validate() {]]></search>
            <add position="after"><![CDATA[
              //Shoputils.Antispam Begin
              $this->load->model('extension/module/shoputils_antispam');
              $this->model_extension_module_shoputils_antispam->validateContact();
              //Shoputils.Antispam End
          ]]></add>
        </operation>
    </file>

</modification>
