<?xml version="1.0" encoding="UTF-8"?>
<modification>
  <code>AD_Categories_FrontEnd_Default</code>
  <name>Additional Description Categories - FrontEnd</name>
  <version>1.1 - Default</version>
  <author>RoS</author>
  <link>https://corgras.github.io/docs/additional_description_categories/</link>
  <file path="catalog/controller/product/category.php">
	<!-- Connect css and javascript / Подключаем css и javascript -->
	<operation> 
	  <search><![CDATA[$this->load->model('tool/image');]]></search>
	  <add position="after"><![CDATA[
		$this->document->addStyle('catalog/view/javascript/jquery/readmore/readmore.css');
		$this->document->addScript('catalog/view/javascript/jquery/readmore/readmore.min.js');
	  ]]></add>
	</operation>
	<!-- Variables / Переменные -->
	<operation> 
	  <search><![CDATA[if ($category_info['image']) {]]></search>
	  <add position="before"><![CDATA[
		$this->load->language('product/ad_category');
		
		if (isset($this->request->get['page'])) {
			$data['page'] = $this->request->get['page'];
		}

		$data['default_speed'] = '500';
		$data['default_height_box'] = '200';

		$data['speed'] = $this->config->get('module_ad_category_speed');
		$data['icon_hide'] = $this->config->get('module_ad_category_icon_hide');
		$data['icon_show'] = $this->config->get('module_ad_category_icon_show');
		$data['ad_category_status'] = $this->config->get('module_ad_category_status');
		$language_id = $this->config->get('config_language_id');
		$ad_category = $this->config->get('module_ad_category');
		$data['ad_category_show_text'] = $ad_category[$language_id]['show_text'];
		$data['ad_category_hide_text'] = $ad_category[$language_id]['hide_text'];

		$data['hide_box_1'] = $category_info['hide_box_1'];
		$data['hide_box_2'] = $category_info['hide_box_2'];
		$data['read_more_1'] = $category_info['read_more_1'];
		$data['read_more_2'] = $category_info['read_more_2'];
		$data['height_box_1'] = $category_info['height_box_1'];
		$data['height_box_2'] = $category_info['height_box_2'];
		$data['bottom_title'] = $category_info['bottom_title'];
		$data['bottom_description'] = html_entity_decode($category_info['bottom_description'], ENT_QUOTES, 'UTF-8'); 
	  ]]></add>
	</operation>
  </file>
  <file path="catalog/view/theme/*/template/product/category.twig">
	<!-- Condition for top description / Условие для верхнего описания -->
	
	<!-- Output of additional description / Вывод дополнительного описания -->
	<operation>
	  <search><![CDATA[{{ content_bottom }}]]></search>
	  <add position="before"><![CDATA[
		{% if (bottom_description) %}
		{% if (hide_box_2 == '1') %}
		{% if (page is not defined or page == 1) %}
		<div class="row">
		<div class="col-sm-12">
		<h2>{{ bottom_title }}</h2>
		<div class="bottom-description">{{ bottom_description }}</div>
		</div>
		</div>
		{% endif %}
		{% else %}
		
		<div class="row">
		<div class="col-sm-12">
		<h2>{{ bottom_title }}</h2>
		<div class="bottom-description">{{ bottom_description }}</div>
		</div>
		</div>
		{% endif %}
		<script>
		  {% if (read_more_2) %} 
			  $('.bottom-description').readmore({
				speed: {% if (ad_category_status) %}{{ speed is defined ? speed : default_speed }}{% else %} {{ default_speed }}{% endif %},
				collapsedHeight: {{ height_box_2 ? height_box_2 : default_height_box }},
				moreLink: '<div class="block-readmore"><a href="#">{% if (ad_category_status) %}{{ ad_category_show_text }} {% if (icon_show) %}{{ '<i class="'~ icon_show ~'"></i>' }}{% endif %}{% else %} {{ text_default_show_text }}{% endif %}</a></div>',
				lessLink: '<div class="block-readmore"><a href="#">{% if (ad_category_status) %}{{ ad_category_hide_text }} {% if (icon_hide) %}{{ '<i class="'~ icon_hide ~'"></i>' }}{% endif %}{% else %} {{ text_default_hide_text }}{% endif %}</a></div>',
			  });
		  {% endif %}
		</script>
		{% endif %}
	  ]]></add>
	</operation>
  </file> 
</modification>