<modification>
	<name>3rd Level Top Menu</name>
	<code>3rd Level Top Menu</code>
	<version>3.x</version>
	<author>Brevis</author>
	<file path="catalog/controller/common/menu.php">
		<operation>
			<search><![CDATA[foreach ($children as $child) {]]></search>
			<add position="after"><![CDATA[
				    $gchildren_data = array();
				    $gchildren = $this->model_catalog_category->getCategories($child['category_id']);

				    foreach ($gchildren as $gchild) {
				        $gchildren_filter_data = array(
				            'filter_category_id'  => $gchild['category_id'],
				            'filter_sub_category' => true
				        );
				        
				        $gchildren_data[] = array(
				            'name'  => $gchild['name'] . ($this->config->get('config_product_count') ? ' (' . $this->model_catalog_product->getTotalProducts($gchildren_filter_data) . ')' : ''),
				            'href'  => $this->url->link('product/category', 'path=' . $category['category_id'] . '_' . $child['category_id'] . '_' . $gchild['category_id'])
				        );
				        
				    }
			]]></add>
		</operation>
		<operation>
			<search><![CDATA[
				'name'  => $child['name'] . ($this->config->get('config_product_count') ? ' (' . $this->model_catalog_product->getTotalProducts($filter_data) . ')' : ''),
			]]></search>
			<add position="after"><![CDATA[
                        'gchildren' => $gchildren_data,
					    'column'   => $child['column'] ? $child['column'] : 1,
			]]></add>
		</operation>
	</file>
	<file path="catalog/view/theme/default/template/common/menu.twig">
		<operation>
			<search><![CDATA[<li><a href="{{ child.href }}">{{ child.name }}</a></li>]]></search>
			<add position="replace"><![CDATA[
                	{% if child.gchildren %}
                		<li><a href="{{ child.href }}">{{ child.name }}</a>
                			<ul>
                				{% for gchild in child.gchildren %}
                                	<li><a class="gchild" href="{{ gchild.href }}">{{ gchild.name }}</a></li>
                                {% endfor %}
                			</ul>
                		</li>
                	{% else %}
                		<li><a href="{{ child.href }}">{{ child.name }}</a></li>
                	{% endif %}
			]]></add>
		</operation>
	</file>
</modification>