<?xml version="1.0" encoding="utf-8"?>
<modification>
    <name><![CDATA[GixOC.ru - <b>Admin Security:reCaptcha / реКапча</b>]]></name>
    <code>GixOC_AdminSecurity_reCaptcha</code>
    <version>1.1</version>
    <author><![CDATA[<font color="#3399FF"><a href="https://gixoc.ru">GixOC.ru</font>]]></author>
    <link>https://gixoc.ru</link>
	<file path="admin/language/en-gb/common/login.php">
        <operation>
            <search><![CDATA[?php]]></search>
            <add position="after"><![CDATA[ //GixOC.ru - Admin Security reCaptcha
$_['entry_captcha']  = 'Enter the code in the box below';
$_['error_captcha']  = 'Image verification failed, please re-verify';      
//END Admin Security
			]]></add>
		</operation>                    		
	</file>	
	<file path="admin/language/ru-ru/common/login.php">
        <operation>
            <search><![CDATA[?php]]></search>
            <add position="after"><![CDATA[ //GixOC.ru - Admin Security reCaptcha
$_['entry_captcha']  = 'Пожалуйста, введите проверочный код';
$_['error_captcha'] = 'Не пройдена спам-проверка! Попробуйте, пожалуйста, еще раз.';
//END Admin Security
			]]></add>
		</operation>                    		
	</file>		
    <file path="admin/controller/common/login.php">
       <operation>
            <search><![CDATA[$this->document->setTitle($this->language->get('heading_title'));]]></search>
            <add position="after"><![CDATA[	
		//GixOC.ru - Admin Security reCaptcha
		$this->load->model('setting/setting');
		$data['status_сaptcha'] = $this->config->get('adminsecurityrecaptcha_status');
		//END Admin Security
	    ]]></add>
        </operation>
		<operation>
           <search><![CDATA[$data['header'] = $this->load->controller('common/header');]]></search>
           <add position="before"><![CDATA[		//GixOC.ru - Admin Security reCaptcha
		if ($this->config->get('adminsecurityrecaptcha_status') == 1) {
			$data['site_key'] = '';            
			if ($this->config->get('captcha_google_status')) {
				$this->document->addScript('https://www.google.com/recaptcha/api.js');
				$data['site_key'] = $this->config->get('captcha_google_key');
			}
		}
		//END Admin Security
		]]></add>
		</operation>
        <operation>
            <search><![CDATA[if (isset($this->session->data['success'])) {]]></search>
            <add position="before"><![CDATA[        //GixOC.ru - Admin Security reCaptcha
		if (isset($this->error['captcha'])) {
			$data['error_captcha'] = $this->error['captcha'];
		} else {
			$data['error_captcha'] = '';
		}
		//END Admin Security
		]]></add> 
        </operation>	
        <operation>
            <search><![CDATA[return !$this->error;]]></search>
            <add position="before"><![CDATA[		//GixOC.ru - Admin Security reCaptcha
		if ($this->config->get('adminsecurityrecaptcha_status') == 1) {
			if ($this->config->get('captcha_google_status')) {
                $this->load->language('extension/captcha/google_captcha');

                $recaptcha = file_get_contents('https://www.google.com/recaptcha/api/siteverify?secret=' . urlencode($this->config->get('captcha_google_secret')) . '&response=' . $this->request->post['g-recaptcha-response'] . '&remoteip=' . $this->request->server['REMOTE_ADDR']);
        
                $recaptcha = json_decode($recaptcha, true);
        
                if ($recaptcha['success'] && isset($this->request->post['g-recaptcha-response'])) {
                    $this->session->data['gcapcha']	= true;
                } else {
                    $this->error['captcha'] = $this->language->get('error_captcha');
                }
			}
		}
		//END Admin Security
        ]]></add>
        </operation>		
    </file>  
    <file path="admin/view/template/common/login.twig">
        <operation>
            <search><![CDATA[<div class="text-right">]]></search>
             <add position="before"><![CDATA[              <!-- GixOC.ru - Admin Security reCaptcha -->
              {% if status_сaptcha %}
                {% if site_key %}
                  <div class="form-group" align="center">
                    <div class="g-recaptcha" data-sitekey="{{ site_key }}"></div>
                    {% if error_captcha %}
                       <div class="text-danger">{{ error_captcha }}</div>
                    {% endif %}
                    </div>
                {% endif %}
              {% endif %}
              <!-- END Admin Security -->]]></add>
        </operation>
    </file>
</modification>