<modification>
	<name>Подкатегории с картинками</name>
	<version>1.0</version>
	<code>Subcategory-Images</code>
	<author>opencart-3.ru</author>
	<link>https://opencart-3.ru</link>
	<file path="catalog/controller/product/category.php">
        <operation>
            <search index="0"><![CDATA[
$data['categories'][] = array(
            ]]></search>
            <add position="replace" offset="3"><![CDATA[
				if ($result['image']) {
					$image = $this->model_tool_image->resize($result['image'], 97, 106);
				} else {
					$image = $this->model_tool_image->resize('placeholder.png', 97, 106);
				}
				
				$data['categories'][] = array(
					'name'  => $result['name'] . ($this->config->get('config_product_count') ? ' (' . $this->model_catalog_product->getTotalProducts($filter_data) . ')' : ''),
					'href'  => $this->url->link('product/category', 'path=' . $this->request->get['path'] . '_' . $result['category_id'] . $url),
					'thumb' => $image
				);
            ]]></add>
        </operation>
	</file>
	
	<file path="catalog/view/theme/*/template/product/category.twig">
        <operation>
            <search index="0"><![CDATA[
{% if categories %}
            ]]></search>
            <add position="replace"><![CDATA[
{% if categories %}
<section class="remont pt-4 pb-lg-5 pb-3">
	  <div class="container">
	    <h2 class="title_block left_circl">Какое устройство</h2>
        <p class="sub_title-block">вы хотите вернуть к жизни?</p>
        
		<div class="row pt-2 pt-md-3">
		  {% for category in categories %}
          <div class="col-lg-4 py-2">
            <div class="card_equip">
              <a href="{{ category.href }}" class="row align-items-center">
                <div class="col-4 col-sm-5 pr-0">
                  <img class="img-fluid" src="{{ category.thumb }}" alt="{{ category.name }}">
                </div>
                <div class="col-8 col-sm-7">
                  <p class="yelow_txt">{{ category.name }}</p>
                </div>
              </a>
            </div>
          </div>
		  {% endfor %}
        </div>
        
      </div>
	</section>
	
{% endif %}
{% if 2+2==5 %}
            ]]></add>
        </operation>
	</file>
	
</modification>