<?xml version="1.0" encoding="UTF-8"?>
<modification>
	<name><![CDATA[<i class="fa fa-file-text-o" aria-hidden="true"></i> Cookie Policy]]></name>
	<code>cookiepolicy</code>
	<version>3.0.3</version>
	<author>Pavel Kravchenko</author>
	<link>https://opencartforum.com/profile/711752-paulkravchenko/</link>
	<date>2019.08.12</date>

	<file path="catalog/controller/common/footer.php">
		<operation>
			<search><![CDATA[$this->load->language('common/footer');]]></search>
			<add position="after"><![CDATA[
			// Cookie Policy

		$this->load->model('localisation/language');
		$data['languages'] = $this->model_localisation_language->getLanguages();
		$data['langcode'] = $this->session->data['language'];

				$this->load->language('extension/module/cookiepolicy');
				
				$text_strings = array(
					'text_before',
					'link_text',
					'text_after',
					'accept_text',
					'cookie_url'
				);
				
				foreach ($text_strings as $text) {
					$data[$text] = $this->language->get($text);
				}
				
			        $config_data = array(
					'module_cookiepolicy_status',
					'module_cookiepolicy_position',
					'module_cookiepolicy_accept_button_colour',
					'module_cookiepolicy_accept_button_hover',
					'module_cookiepolicy_accept_text_colour',
					'module_cookiepolicy_accept_text_hover',
					'module_cookiepolicy_text_colour',
					'module_cookiepolicy_background_colour',
					'module_cookiepolicy_opacity',
					'module_cookiepolicy_url',
					'module_cookiepolicy_random_url',
					'module_cookiepolicy_infopage',
					'module_cookiepolicy_rounded_corners',
					'module_cookiepolicy_cookietext',
					'module_cookiepolicy_cookietext_after',
					'module_cookiepolicy_urltext',
					'module_cookiepolicy_buttontext',
					'module_cookiepolicy_cookie_expires',
					'module_cookiepolicy_text_align'
			        );
				
			        foreach ($config_data as $conf) {
			                $data[$conf] = $this->config->get($conf);

					$data['infopage_number'] = $this->config->get('module_cookiepolicy_infopage');
					if ($this->config->get('module_cookiepolicy_infopage')) {
					$data['module_cookiepolicy_infopage_url'] =  $this->config->get('config_url') . 'index.php?route=information/information&information_id=' . $data['infopage_number'];

					$this->load->model('catalog/information');

					$information_info = $this->model_catalog_information->getInformation($this->config->get('module_cookiepolicy_infopage'));

					$data['module_cookiepolicy_infopage_title'] = $information_info['title'];
					}
			        }
			// END Cookie Policy
			]]></add>
		</operation>
	</file>

	<file path="catalog/view/theme/*/template/common/footer.twig">
		<operation>
			<search><![CDATA[</body>]]></search>
			<add position="before"><![CDATA[
                                {% if module_cookiepolicy_status == "1" %}
					<script type="text/javascript" >
						var text_before = "{{ module_cookiepolicy_cookietext.text[langcode] }}";
						var link_text = "{% if module_cookiepolicy_infopage > 0 %} {{ module_cookiepolicy_infopage_title }} {% elseif module_cookiepolicy_random_url == 1 %} {{ module_cookiepolicy_urltext.text[langcode] }}{% endif %}";
						var text_after = "{{ module_cookiepolicy_cookietext_after.text[langcode] }}";
						var accept_text = "{{ module_cookiepolicy_buttontext.text[langcode] }}";
						var cookie_url = "{% if module_cookiepolicy_infopage > 0 %} {{ module_cookiepolicy_infopage_url }} {% elseif module_cookiepolicy_random_url == 1 %} {{ module_cookiepolicy_url }}{% endif %}";
						var cookie_expires = {{ module_cookiepolicy_cookie_expires }};
						var text_align = "{{ module_cookiepolicy_text_align }}";
					</script>
					<script src="catalog/view/javascript/jquery.cookie.js"></script>
					<script src="catalog/view/javascript/jquery.cookiecuttr.js"></script>
					<link rel="stylesheet" href="catalog/view/javascript/cookiepolicy.css">
					<style>
						a.cc-cookie-accept {
							color: {{ module_cookiepolicy_accept_text_colour }} !important;
							background: {{ module_cookiepolicy_accept_button_colour }};
						}
						a.cc-cookie-accept:hover {
							color: {{ module_cookiepolicy_accept_text_hover }} !important;
							background: {{ module_cookiepolicy_accept_button_hover }};
						}
						.cc-cookies, .cc-cookies a {
							color: {{ module_cookiepolicy_text_colour }};
						}
						.cc-cookies:before {
							opacity: {{ module_cookiepolicy_opacity }};
							background: {{ module_cookiepolicy_background_colour }};
						}
						{% if module_cookiepolicy_rounded_corners %}
							a.cc-cookie-accept {
								-webkit-border-radius: 3px 3px 3px 3px;
								border-radius: 3px 3px 3px 3px;
							}
						{% endif %}
					</style>
					
                                    {% if module_cookiepolicy_position == "1" %} 
                                        {{ '<style>.cc-cookies{bottom:0;}</style>' }}
                                    {% elseif module_cookiepolicy_position == "2" %}
                                        {{ '<style>.cc-cookies{top:0;}</style>' }}
                                    {% elseif module_cookiepolicy_position == "3" %}
                                        {{ '<style>.cc-cookies{padding:15%; height:100%; top:0;}</style>' }}
                                    {% endif %}

					<script>
						$(document).ready(function () {
							$.cookieCuttr();	
						});
					</script>
				{% endif %}
			]]></add>
		</operation>
	</file>
	
</modification>